timestamp,open,high,low,close,volume
2023-06-12 20:20:00,1.041e-05,1.041e-05,1.041e-05,1.041e-05,0.0
2023-06-12 20:25:00,1.04e-05,1.04e-05,1.04e-05,1.04e-05,329.0
2023-06-12 20:30:00,1.04e-05,1.04e-05,1.04e-05,1.04e-05,191.0
2023-06-12 20:35:00,1.04e-05,1.04e-05,1.04e-05,1.04e-05,0.0
2023-06-12 20:40:00,1.04e-05,1.04e-05,1.04e-05,1.04e-05,0.0
2023-06-12 20:45:00,1.04e-05,1.04e-05,1.04e-05,1.04e-05,0.0
2023-06-12 20:50:00,1.04e-05,1.04e-05,1.04e-05,1.04e-05,140.0
2023-06-12 20:55:00,1.04e-05,1.04e-05,1.04e-05,1.04e-05,140.0
2023-06-12 21:00:00,1.04e-05,1.04e-05,1.04e-05,1.04e-05,0.0
2023-06-12 21:05:00,1.039e-05,1.039e-05,1.038e-05,1.038e-05,996.0
2023-06-12 21:10:00,1.038e-05,1.038e-05,1.038e-05,1.038e-05,0.0
2023-06-12 21:15:00,1.04e-05,1.04e-05,1.04e-05,1.04e-05,80.0
2023-06-12 21:20:00,1.038e-05,1.038e-05,1.038e-05,1.038e-05,491.0
2023-06-12 21:25:00,1.038e-05,1.039e-05,1.038e-05,1.039e-05,394.0
2023-06-12 21:30:00,1.039e-05,1.039e-05,1.039e-05,1.039e-05,211.0
2023-06-12 21:35:00,1.039e-05,1.039e-05,1.039e-05,1.039e-05,0.0
2023-06-12 21:40:00,1.039e-05,1.039e-05,1.039e-05,1.039e-05,0.0
2023-06-12 21:45:00,1.039e-05,1.039e-05,1.039e-05,1.039e-05,0.0
2023-06-12 21:50:00,1.039e-05,1.039e-05,1.039e-05,1.039e-05,0.0
2023-06-12 21:55:00,1.039e-05,1.039e-05,1.039e-05,1.039e-05,140.0
2023-06-12 22:00:00,1.039e-05,1.039e-05,1.039e-05,1.039e-05,0.0
2023-06-12 22:05:00,1.039e-05,1.039e-05,1.039e-05,1.039e-05,140.0
2023-06-12 22:10:00,1.039e-05,1.04e-05,1.039e-05,1.04e-05,153.0
2023-06-12 22:15:00,1.04e-05,1.04e-05,1.04e-05,1.04e-05,213.0
2023-06-12 22:20:00,1.04e-05,1.04e-05,1.04e-05,1.04e-05,560.0
2023-06-12 22:25:00,1.04e-05,1.04e-05,1.04e-05,1.04e-05,140.0
2023-06-12 22:30:00,1.04e-05,1.04e-05,1.04e-05,1.04e-05,140.0
2023-06-12 22:35:00,1.04e-05,1.04e-05,1.04e-05,1.04e-05,0.0
2023-06-12 22:40:00,1.04e-05,1.04e-05,1.04e-05,1.04e-05,0.0
2023-06-12 22:45:00,1.04e-05,1.04e-05,1.04e-05,1.04e-05,0.0
2023-06-12 22:50:00,1.04e-05,1.04e-05,1.04e-05,1.04e-05,140.0
2023-06-12 22:55:00,1.04e-05,1.04e-05,1.04e-05,1.04e-05,0.0
2023-06-12 23:00:00,1.04e-05,1.04e-05,1.04e-05,1.04e-05,0.0
2023-06-12 23:05:00,1.04e-05,1.04e-05,1.04e-05,1.04e-05,0.0
2023-06-12 23:10:00,1.04e-05,1.04e-05,1.04e-05,1.04e-05,140.0
2023-06-12 23:15:00,1.04e-05,1.04e-05,1.04e-05,1.04e-05,0.0
2023-06-12 23:20:00,1.04e-05,1.04e-05,1.04e-05,1.04e-05,131.0
2023-06-12 23:25:00,1.04e-05,1.04e-05,1.04e-05,1.04e-05,0.0
2023-06-12 23:30:00,1.04e-05,1.04e-05,1.04e-05,1.04e-05,0.0
2023-06-12 23:35:00,1.04e-05,1.04e-05,1.04e-05,1.04e-05,0.0
2023-06-12 23:40:00,1.04e-05,1.04e-05,1.039e-05,1.039e-05,132.0
2023-06-12 23:45:00,1.041e-05,1.042e-05,1.041e-05,1.042e-05,1494.0
2023-06-12 23:50:00,1.043e-05,1.045e-05,1.043e-05,1.045e-05,3831.0
2023-06-12 23:55:00,1.045e-05,1.045e-05,1.045e-05,1.045e-05,92.0
2023-06-13 00:00:00,1.045e-05,1.045e-05,1.045e-05,1.045e-05,270.0
2023-06-13 00:05:00,1.044e-05,1.044e-05,1.044e-05,1.044e-05,1008.0
2023-06-13 00:10:00,1.044e-05,1.044e-05,1.043e-05,1.043e-05,430.0
2023-06-13 00:15:00,1.043e-05,1.043e-05,1.04e-05,1.04e-05,2225.0
2023-06-13 00:20:00,1.04e-05,1.04e-05,1.039e-05,1.039e-05,1004.0
2023-06-13 00:25:00,1.039e-05,1.039e-05,1.039e-05,1.039e-05,0.0
2023-06-13 00:30:00,1.041e-05,1.041e-05,1.041e-05,1.041e-05,140.0
2023-06-13 00:35:00,1.041e-05,1.041e-05,1.041e-05,1.041e-05,140.0
2023-06-13 00:40:00,1.04e-05,1.04e-05,1.04e-05,1.04e-05,19.0
2023-06-13 00:45:00,1.041e-05,1.042e-05,1.041e-05,1.042e-05,646.0
2023-06-13 00:50:00,1.043e-05,1.044e-05,1.043e-05,1.044e-05,2694.0
2023-06-13 00:55:00,1.045e-05,1.045e-05,1.043e-05,1.043e-05,2095.0
2023-06-13 01:00:00,1.042e-05,1.042e-05,1.041e-05,1.041e-05,1295.0
2023-06-13 01:05:00,1.043e-05,1.043e-05,1.042e-05,1.042e-05,280.0
2023-06-13 01:10:00,1.042e-05,1.042e-05,1.042e-05,1.042e-05,0.0
2023-06-13 01:15:00,1.04e-05,1.04e-05,1.04e-05,1.04e-05,813.0
2023-06-13 01:20:00,1.04e-05,1.041e-05,1.04e-05,1.041e-05,137.0
2023-06-13 01:25:00,1.04e-05,1.04e-05,1.038e-05,1.038e-05,1366.0
2023-06-13 01:30:00,1.038e-05,1.038e-05,1.037e-05,1.037e-05,385.0
2023-06-13 01:35:00,1.039e-05,1.039e-05,1.039e-05,1.039e-05,837.0
2023-06-13 01:40:00,1.039e-05,1.039e-05,1.039e-05,1.039e-05,0.0
2023-06-13 01:45:00,1.039e-05,1.039e-05,1.039e-05,1.039e-05,0.0
2023-06-13 01:50:00,1.039e-05,1.039e-05,1.039e-05,1.039e-05,140.0
2023-06-13 01:55:00,1.039e-05,1.039e-05,1.039e-05,1.039e-05,0.0
2023-06-13 02:00:00,1.039e-05,1.039e-05,1.039e-05,1.039e-05,0.0
2023-06-13 02:05:00,1.039e-05,1.039e-05,1.039e-05,1.039e-05,140.0
2023-06-13 02:10:00,1.039e-05,1.039e-05,1.039e-05,1.039e-05,0.0
2023-06-13 02:15:00,1.039e-05,1.039e-05,1.039e-05,1.039e-05,0.0
2023-06-13 02:20:00,1.039e-05,1.039e-05,1.039e-05,1.039e-05,140.0
2023-06-13 02:25:00,1.038e-05,1.038e-05,1.038e-05,1.038e-05,502.0
2023-06-13 02:30:00,1.038e-05,1.038e-05,1.038e-05,1.038e-05,140.0
2023-06-13 02:35:00,1.038e-05,1.038e-05,1.034e-05,1.036e-05,1378.0
2023-06-13 02:40:00,1.035e-05,1.035e-05,1.034e-05,1.034e-05,187.0
2023-06-13 02:45:00,1.034e-05,1.034e-05,1.034e-05,1.034e-05,0.0
2023-06-13 02:50:00,1.035e-05,1.035e-05,1.035e-05,1.035e-05,140.0
2023-06-13 02:55:00,1.036e-05,1.036e-05,1.034e-05,1.034e-05,701.0
2023-06-13 03:00:00,1.034e-05,1.034e-05,1.034e-05,1.034e-05,0.0
2023-06-13 03:05:00,1.035e-05,1.035e-05,1.035e-05,1.035e-05,22.0
2023-06-13 03:10:00,1.036e-05,1.036e-05,1.036e-05,1.036e-05,280.0
2023-06-13 03:15:00,1.036e-05,1.036e-05,1.036e-05,1.036e-05,140.0
2023-06-13 03:20:00,1.036e-05,1.037e-05,1.036e-05,1.037e-05,450.0
2023-06-13 03:25:00,1.036e-05,1.037e-05,1.036e-05,1.037e-05,835.0
2023-06-13 03:30:00,1.038e-05,1.038e-05,1.038e-05,1.038e-05,47.0
2023-06-13 03:35:00,1.037e-05,1.037e-05,1.037e-05,1.037e-05,1248.0
2023-06-13 03:40:00,1.038e-05,1.038e-05,1.038e-05,1.038e-05,686.0
2023-06-13 03:45:00,1.038e-05,1.038e-05,1.038e-05,1.038e-05,0.0
2023-06-13 03:50:00,1.039e-05,1.039e-05,1.039e-05,1.039e-05,596.0
2023-06-13 03:55:00,1.039e-05,1.039e-05,1.039e-05,1.039e-05,124.0
2023-06-13 04:00:00,1.039e-05,1.039e-05,1.039e-05,1.039e-05,252.0
2023-06-13 04:05:00,1.039e-05,1.039e-05,1.039e-05,1.039e-05,744.0
2023-06-13 04:10:00,1.039e-05,1.039e-05,1.039e-05,1.039e-05,0.0
2023-06-13 04:15:00,1.04e-05,1.041e-05,1.04e-05,1.041e-05,2441.0
2023-06-13 04:20:00,1.041e-05,1.041e-05,1.041e-05,1.041e-05,732.0
2023-06-13 04:25:00,1.041e-05,1.041e-05,1.041e-05,1.041e-05,0.0
2023-06-13 04:30:00,1.041e-05,1.041e-05,1.041e-05,1.041e-05,0.0
2023-06-13 04:35:00,1.041e-05,1.041e-05,1.041e-05,1.041e-05,0.0
2023-06-13 04:40:00,1.041e-05,1.041e-05,1.041e-05,1.041e-05,0.0
2023-06-13 04:45:00,1.04e-05,1.04e-05,1.04e-05,1.04e-05,140.0
2023-06-13 04:50:00,1.04e-05,1.04e-05,1.04e-05,1.04e-05,0.0
2023-06-13 04:55:00,1.04e-05,1.04e-05,1.04e-05,1.04e-05,61.0
2023-06-13 05:00:00,1.04e-05,1.04e-05,1.04e-05,1.04e-05,0.0
2023-06-13 05:05:00,1.04e-05,1.04e-05,1.04e-05,1.04e-05,0.0
2023-06-13 05:10:00,1.039e-05,1.039e-05,1.038e-05,1.038e-05,900.0
2023-06-13 05:15:00,1.039e-05,1.041e-05,1.039e-05,1.041e-05,2308.0
2023-06-13 05:20:00,1.041e-05,1.041e-05,1.041e-05,1.041e-05,0.0
2023-06-13 05:25:00,1.041e-05,1.041e-05,1.041e-05,1.041e-05,0.0
2023-06-13 05:30:00,1.041e-05,1.041e-05,1.041e-05,1.041e-05,0.0
2023-06-13 05:35:00,1.041e-05,1.041e-05,1.041e-05,1.041e-05,0.0
2023-06-13 05:40:00,1.041e-05,1.041e-05,1.041e-05,1.041e-05,0.0
2023-06-13 05:45:00,1.041e-05,1.041e-05,1.041e-05,1.041e-05,0.0
2023-06-13 05:50:00,1.039e-05,1.039e-05,1.038e-05,1.038e-05,471.0
2023-06-13 05:55:00,1.039e-05,1.039e-05,1.039e-05,1.039e-05,140.0
2023-06-13 06:00:00,1.039e-05,1.039e-05,1.039e-05,1.039e-05,140.0
2023-06-13 06:05:00,1.039e-05,1.039e-05,1.038e-05,1.038e-05,1958.0
2023-06-13 06:10:00,1.038e-05,1.038e-05,1.038e-05,1.038e-05,0.0
2023-06-13 06:15:00,1.038e-05,1.038e-05,1.038e-05,1.038e-05,0.0
2023-06-13 06:20:00,1.038e-05,1.038e-05,1.038e-05,1.038e-05,0.0
2023-06-13 06:25:00,1.038e-05,1.038e-05,1.038e-05,1.038e-05,140.0
2023-06-13 06:30:00,1.038e-05,1.038e-05,1.038e-05,1.038e-05,0.0
2023-06-13 06:35:00,1.038e-05,1.038e-05,1.038e-05,1.038e-05,0.0
2023-06-13 06:40:00,1.038e-05,1.038e-05,1.038e-05,1.038e-05,0.0
2023-06-13 06:45:00,1.038e-05,1.038e-05,1.038e-05,1.038e-05,0.0
2023-06-13 06:50:00,1.038e-05,1.038e-05,1.038e-05,1.038e-05,140.0
2023-06-13 06:55:00,1.038e-05,1.038e-05,1.038e-05,1.038e-05,0.0
2023-06-13 07:00:00,1.037e-05,1.037e-05,1.037e-05,1.037e-05,140.0
2023-06-13 07:05:00,1.037e-05,1.04e-05,1.037e-05,1.04e-05,138.0
2023-06-13 07:10:00,1.04e-05,1.04e-05,1.04e-05,1.04e-05,0.0
2023-06-13 07:15:00,1.04e-05,1.04e-05,1.04e-05,1.04e-05,0.0
2023-06-13 07:20:00,1.037e-05,1.037e-05,1.036e-05,1.036e-05,1750.0
2023-06-13 07:25:00,1.036e-05,1.036e-05,1.036e-05,1.036e-05,0.0
2023-06-13 07:30:00,1.036e-05,1.036e-05,1.036e-05,1.036e-05,0.0
2023-06-13 07:35:00,1.036e-05,1.036e-05,1.036e-05,1.036e-05,0.0
2023-06-13 07:40:00,1.037e-05,1.037e-05,1.037e-05,1.037e-05,1624.0
2023-06-13 07:45:00,1.037e-05,1.037e-05,1.037e-05,1.037e-05,0.0
2023-06-13 07:50:00,1.038e-05,1.038e-05,1.037e-05,1.037e-05,140.0
2023-06-13 07:55:00,1.037e-05,1.037e-05,1.037e-05,1.037e-05,0.0
2023-06-13 08:00:00,1.037e-05,1.037e-05,1.037e-05,1.037e-05,0.0
2023-06-13 08:05:00,1.037e-05,1.037e-05,1.035e-05,1.035e-05,1715.0
2023-06-13 08:10:00,1.035e-05,1.035e-05,1.035e-05,1.035e-05,0.0
2023-06-13 08:15:00,1.035e-05,1.035e-05,1.035e-05,1.035e-05,0.0
2023-06-13 08:20:00,1.035e-05,1.035e-05,1.035e-05,1.035e-05,0.0
2023-06-13 08:25:00,1.035e-05,1.035e-05,1.035e-05,1.035e-05,0.0
2023-06-13 08:30:00,1.035e-05,1.035e-05,1.035e-05,1.035e-05,0.0
2023-06-13 08:35:00,1.037e-05,1.037e-05,1.037e-05,1.037e-05,107.0
2023-06-13 08:40:00,1.037e-05,1.037e-05,1.037e-05,1.037e-05,0.0
2023-06-13 08:45:00,1.036e-05,1.036e-05,1.034e-05,1.034e-05,2135.0
2023-06-13 08:50:00,1.035e-05,1.036e-05,1.035e-05,1.036e-05,584.0
2023-06-13 08:55:00,1.036e-05,1.037e-05,1.036e-05,1.037e-05,2223.0
2023-06-13 09:00:00,1.037e-05,1.037e-05,1.037e-05,1.037e-05,0.0
2023-06-13 09:05:00,1.037e-05,1.037e-05,1.037e-05,1.037e-05,1568.0
2023-06-13 09:10:00,1.037e-05,1.037e-05,1.037e-05,1.037e-05,241.0
2023-06-13 09:15:00,1.038e-05,1.038e-05,1.038e-05,1.038e-05,570.0
2023-06-13 09:20:00,1.038e-05,1.038e-05,1.038e-05,1.038e-05,0.0
2023-06-13 09:25:00,1.038e-05,1.038e-05,1.038e-05,1.038e-05,0.0
2023-06-13 09:30:00,1.038e-05,1.038e-05,1.038e-05,1.038e-05,421.0
2023-06-13 09:35:00,1.038e-05,1.038e-05,1.038e-05,1.038e-05,140.0
2023-06-13 09:40:00,1.038e-05,1.038e-05,1.038e-05,1.038e-05,60.0
2023-06-13 09:45:00,1.038e-05,1.038e-05,1.038e-05,1.038e-05,0.0
2023-06-13 09:50:00,1.038e-05,1.038e-05,1.038e-05,1.038e-05,0.0
2023-06-13 09:55:00,1.038e-05,1.038e-05,1.038e-05,1.038e-05,0.0
2023-06-13 10:00:00,1.038e-05,1.038e-05,1.038e-05,1.038e-05,0.0
2023-06-13 10:05:00,1.038e-05,1.038e-05,1.038e-05,1.038e-05,190.0
2023-06-13 10:10:00,1.038e-05,1.038e-05,1.038e-05,1.038e-05,0.0
2023-06-13 10:15:00,1.038e-05,1.038e-05,1.038e-05,1.038e-05,0.0
2023-06-13 10:20:00,1.038e-05,1.038e-05,1.038e-05,1.038e-05,170.0
2023-06-13 10:25:00,1.038e-05,1.038e-05,1.038e-05,1.038e-05,0.0
2023-06-13 10:30:00,1.038e-05,1.038e-05,1.038e-05,1.038e-05,0.0
2023-06-13 10:35:00,1.038e-05,1.038e-05,1.038e-05,1.038e-05,0.0
2023-06-13 10:40:00,1.038e-05,1.038e-05,1.038e-05,1.038e-05,0.0
2023-06-13 10:45:00,1.038e-05,1.038e-05,1.038e-05,1.038e-05,0.0
2023-06-13 10:50:00,1.038e-05,1.038e-05,1.038e-05,1.038e-05,0.0
2023-06-13 10:55:00,1.038e-05,1.038e-05,1.038e-05,1.038e-05,0.0
2023-06-13 11:00:00,1.037e-05,1.037e-05,1.037e-05,1.037e-05,469.0
2023-06-13 11:05:00,1.037e-05,1.037e-05,1.037e-05,1.037e-05,0.0
2023-06-13 11:10:00,1.036e-05,1.036e-05,1.036e-05,1.036e-05,642.0
2023-06-13 11:15:00,1.036e-05,1.037e-05,1.035e-05,1.037e-05,645.0
2023-06-13 11:20:00,1.038e-05,1.038e-05,1.037e-05,1.037e-05,290.0
2023-06-13 11:25:00,1.037e-05,1.037e-05,1.037e-05,1.037e-05,0.0
2023-06-13 11:30:00,1.037e-05,1.037e-05,1.037e-05,1.037e-05,10.0
2023-06-13 11:35:00,1.038e-05,1.038e-05,1.038e-05,1.038e-05,420.0
2023-06-13 11:40:00,1.038e-05,1.039e-05,1.038e-05,1.039e-05,599.0
2023-06-13 11:45:00,1.039e-05,1.039e-05,1.039e-05,1.039e-05,142.0
2023-06-13 11:50:00,1.039e-05,1.039e-05,1.039e-05,1.039e-05,0.0
2023-06-13 11:55:00,1.039e-05,1.039e-05,1.039e-05,1.039e-05,0.0
2023-06-13 12:00:00,1.036e-05,1.036e-05,1.036e-05,1.036e-05,612.0
2023-06-13 12:05:00,1.036e-05,1.036e-05,1.035e-05,1.035e-05,864.0
2023-06-13 12:10:00,1.035e-05,1.035e-05,1.035e-05,1.035e-05,0.0
2023-06-13 12:15:00,1.036e-05,1.036e-05,1.036e-05,1.036e-05,129.0
2023-06-13 12:20:00,1.035e-05,1.035e-05,1.034e-05,1.034e-05,1834.0
2023-06-13 12:25:00,1.035e-05,1.035e-05,1.035e-05,1.035e-05,140.0
2023-06-13 12:30:00,1.035e-05,1.036e-05,1.03e-05,1.036e-05,55594.0
2023-06-13 12:35:00,1.035e-05,1.036e-05,1.035e-05,1.036e-05,361.0
2023-06-13 12:40:00,1.037e-05,1.042e-05,1.037e-05,1.042e-05,3223.0
2023-06-13 12:45:00,1.041e-05,1.041e-05,1.04e-05,1.04e-05,2308.0
2023-06-13 12:50:00,1.04e-05,1.043e-05,1.04e-05,1.042e-05,4262.0
2023-06-13 12:55:00,1.042e-05,1.043e-05,1.036e-05,1.036e-05,12480.0
2023-06-13 13:00:00,1.037e-05,1.037e-05,1.037e-05,1.037e-05,469.0
2023-06-13 13:05:00,1.037e-05,1.037e-05,1.037e-05,1.037e-05,0.0
2023-06-13 13:10:00,1.038e-05,1.038e-05,1.038e-05,1.038e-05,430.0
2023-06-13 13:15:00,1.038e-05,1.038e-05,1.037e-05,1.037e-05,1552.0
2023-06-13 13:20:00,1.037e-05,1.037e-05,1.037e-05,1.037e-05,0.0
2023-06-13 13:25:00,1.037e-05,1.037e-05,1.037e-05,1.037e-05,140.0
2023-06-13 13:30:00,1.036e-05,1.036e-05,1.036e-05,1.036e-05,29.0
2023-06-13 13:35:00,1.036e-05,1.036e-05,1.036e-05,1.036e-05,140.0
2023-06-13 13:40:00,1.036e-05,1.036e-05,1.036e-05,1.036e-05,156.0
2023-06-13 13:45:00,1.037e-05,1.037e-05,1.037e-05,1.037e-05,156.0
2023-06-13 13:50:00,1.037e-05,1.037e-05,1.037e-05,1.037e-05,280.0
2023-06-13 13:55:00,1.036e-05,1.037e-05,1.036e-05,1.037e-05,1746.0
2023-06-13 14:00:00,1.038e-05,1.04e-05,1.038e-05,1.039e-05,5659.0
2023-06-13 14:05:00,1.039e-05,1.04e-05,1.039e-05,1.04e-05,2791.0
2023-06-13 14:10:00,1.04e-05,1.042e-05,1.039e-05,1.042e-05,4472.0
2023-06-13 14:15:00,1.042e-05,1.042e-05,1.041e-05,1.041e-05,1571.0
2023-06-13 14:20:00,1.04e-05,1.04e-05,1.039e-05,1.039e-05,2324.0
2023-06-13 14:25:00,1.039e-05,1.039e-05,1.039e-05,1.039e-05,2103.0
2023-06-13 14:30:00,1.04e-05,1.041e-05,1.04e-05,1.041e-05,2970.0
2023-06-13 14:35:00,1.041e-05,1.041e-05,1.041e-05,1.041e-05,0.0
2023-06-13 14:40:00,1.041e-05,1.042e-05,1.041e-05,1.042e-05,3486.0
2023-06-13 14:45:00,1.042e-05,1.042e-05,1.042e-05,1.042e-05,1640.0
2023-06-13 14:50:00,1.041e-05,1.041e-05,1.039e-05,1.039e-05,502.0
2023-06-13 14:55:00,1.039e-05,1.039e-05,1.039e-05,1.039e-05,140.0
2023-06-13 15:00:00,1.04e-05,1.042e-05,1.04e-05,1.041e-05,2078.0
2023-06-13 15:05:00,1.041e-05,1.041e-05,1.041e-05,1.041e-05,305.0
2023-06-13 15:10:00,1.041e-05,1.042e-05,1.041e-05,1.042e-05,202.0
2023-06-13 15:15:00,1.042e-05,1.043e-05,1.042e-05,1.043e-05,49314.0
2023-06-13 15:20:00,1.044e-05,1.046e-05,1.044e-05,1.046e-05,14304.0
2023-06-13 15:25:00,1.045e-05,1.046e-05,1.045e-05,1.045e-05,28973.0
2023-06-13 15:30:00,1.046e-05,1.046e-05,1.046e-05,1.046e-05,10601.0
2023-06-13 15:35:00,1.045e-05,1.045e-05,1.045e-05,1.045e-05,140.0
2023-06-13 15:40:00,1.045e-05,1.045e-05,1.045e-05,1.045e-05,0.0
2023-06-13 15:45:00,1.045e-05,1.045e-05,1.045e-05,1.045e-05,227.0
2023-06-13 15:50:00,1.046e-05,1.046e-05,1.046e-05,1.046e-05,707.0
2023-06-13 15:55:00,1.046e-05,1.047e-05,1.046e-05,1.047e-05,1026.0
2023-06-13 16:00:00,1.046e-05,1.046e-05,1.046e-05,1.046e-05,132.0
2023-06-13 16:05:00,1.046e-05,1.046e-05,1.046e-05,1.046e-05,0.0
2023-06-13 16:10:00,1.046e-05,1.046e-05,1.046e-05,1.046e-05,140.0
2023-06-13 16:15:00,1.045e-05,1.045e-05,1.045e-05,1.045e-05,864.0
2023-06-13 16:20:00,1.045e-05,1.045e-05,1.045e-05,1.045e-05,140.0
2023-06-13 16:25:00,1.045e-05,1.045e-05,1.045e-05,1.045e-05,0.0
2023-06-13 16:30:00,1.045e-05,1.045e-05,1.045e-05,1.045e-05,0.0
2023-06-13 16:35:00,1.045e-05,1.045e-05,1.045e-05,1.045e-05,0.0
2023-06-13 16:40:00,1.045e-05,1.046e-05,1.044e-05,1.046e-05,963.0
2023-06-13 16:45:00,1.046e-05,1.046e-05,1.046e-05,1.046e-05,0.0
2023-06-13 16:50:00,1.046e-05,1.046e-05,1.046e-05,1.046e-05,140.0
2023-06-13 16:55:00,1.046e-05,1.046e-05,1.046e-05,1.046e-05,140.0
2023-06-13 17:00:00,1.046e-05,1.046e-05,1.046e-05,1.046e-05,0.0
2023-06-13 17:05:00,1.046e-05,1.046e-05,1.046e-05,1.046e-05,0.0
2023-06-13 17:10:00,1.046e-05,1.046e-05,1.046e-05,1.046e-05,0.0
2023-06-13 17:15:00,1.046e-05,1.046e-05,1.046e-05,1.046e-05,0.0
2023-06-13 17:20:00,1.046e-05,1.046e-05,1.046e-05,1.046e-05,150.0
2023-06-13 17:25:00,1.045e-05,1.046e-05,1.045e-05,1.046e-05,336.0
2023-06-13 17:30:00,1.047e-05,1.048e-05,1.047e-05,1.048e-05,1961.0
2023-06-13 17:35:00,1.047e-05,1.047e-05,1.047e-05,1.047e-05,140.0
2023-06-13 17:40:00,1.047e-05,1.047e-05,1.047e-05,1.047e-05,0.0
2023-06-13 17:45:00,1.047e-05,1.047e-05,1.047e-05,1.047e-05,140.0
2023-06-13 17:50:00,1.047e-05,1.047e-05,1.047e-05,1.047e-05,0.0
2023-06-13 17:55:00,1.047e-05,1.047e-05,1.047e-05,1.047e-05,0.0
2023-06-13 18:00:00,1.047e-05,1.047e-05,1.047e-05,1.047e-05,140.0
2023-06-13 18:05:00,1.047e-05,1.047e-05,1.047e-05,1.047e-05,0.0
2023-06-13 18:10:00,1.047e-05,1.047e-05,1.047e-05,1.047e-05,0.0
2023-06-13 18:15:00,1.044e-05,1.044e-05,1.044e-05,1.044e-05,3487.0
2023-06-13 18:20:00,1.045e-05,1.046e-05,1.045e-05,1.046e-05,562.0
2023-06-13 18:25:00,1.046e-05,1.046e-05,1.046e-05,1.046e-05,280.0
2023-06-13 18:30:00,1.046e-05,1.047e-05,1.046e-05,1.047e-05,562.0
2023-06-13 18:35:00,1.047e-05,1.047e-05,1.047e-05,1.047e-05,140.0
2023-06-13 18:40:00,1.047e-05,1.047e-05,1.047e-05,1.047e-05,140.0
2023-06-13 18:45:00,1.047e-05,1.047e-05,1.047e-05,1.047e-05,0.0
2023-06-13 18:50:00,1.048e-05,1.049e-05,1.048e-05,1.049e-05,3021.0
2023-06-13 18:55:00,1.049e-05,1.049e-05,1.049e-05,1.049e-05,0.0
2023-06-13 19:00:00,1.049e-05,1.049e-05,1.049e-05,1.049e-05,0.0
2023-06-13 19:05:00,1.049e-05,1.049e-05,1.049e-05,1.049e-05,0.0
2023-06-13 19:10:00,1.049e-05,1.049e-05,1.049e-05,1.049e-05,0.0
2023-06-13 19:15:00,1.048e-05,1.048e-05,1.048e-05,1.048e-05,163.0
2023-06-13 19:20:00,1.048e-05,1.048e-05,1.048e-05,1.048e-05,2872.0
2023-06-13 19:25:00,1.049e-05,1.049e-05,1.049e-05,1.049e-05,374.0
2023-06-13 19:30:00,1.049e-05,1.049e-05,1.049e-05,1.049e-05,0.0
2023-06-13 19:35:00,1.049e-05,1.049e-05,1.049e-05,1.049e-05,0.0
2023-06-13 19:40:00,1.049e-05,1.049e-05,1.049e-05,1.049e-05,0.0
2023-06-13 19:45:00,1.049e-05,1.049e-05,1.049e-05,1.049e-05,0.0
2023-06-13 19:50:00,1.049e-05,1.049e-05,1.049e-05,1.049e-05,496.0
2023-06-13 19:55:00,1.049e-05,1.049e-05,1.049e-05,1.049e-05,0.0
2023-06-13 20:00:00,1.049e-05,1.049e-05,1.049e-05,1.049e-05,0.0
2023-06-13 20:05:00,1.049e-05,1.049e-05,1.049e-05,1.049e-05,2442.0
2023-06-13 20:10:00,1.049e-05,1.049e-05,1.049e-05,1.049e-05,508.0
2023-06-13 20:15:00,1.049e-05,1.049e-05,1.049e-05,1.049e-05,2349.0
2023-06-13 20:20:00,1.049e-05,1.049e-05,1.049e-05,1.049e-05,183.0
2023-06-13 20:25:00,1.049e-05,1.049e-05,1.049e-05,1.049e-05,0.0
2023-06-13 20:30:00,1.049e-05,1.049e-05,1.049e-05,1.049e-05,0.0
2023-06-13 20:35:00,1.049e-05,1.049e-05,1.049e-05,1.049e-05,0.0
2023-06-13 20:40:00,1.047e-05,1.049e-05,1.047e-05,1.049e-05,47714.0
2023-06-13 20:45:00,1.048e-05,1.048e-05,1.047e-05,1.047e-05,963.0
2023-06-13 20:50:00,1.048e-05,1.048e-05,1.048e-05,1.048e-05,280.0
2023-06-13 20:55:00,1.048e-05,1.048e-05,1.048e-05,1.048e-05,55.0
2023-06-13 21:00:00,1.048e-05,1.048e-05,1.048e-05,1.048e-05,0.0
2023-06-13 21:05:00,1.047e-05,1.047e-05,1.047e-05,1.047e-05,99.0
2023-06-13 21:10:00,1.047e-05,1.047e-05,1.047e-05,1.047e-05,0.0
2023-06-13 21:15:00,1.047e-05,1.047e-05,1.047e-05,1.047e-05,0.0
2023-06-13 21:20:00,1.048e-05,1.048e-05,1.048e-05,1.048e-05,140.0
2023-06-13 21:25:00,1.048e-05,1.048e-05,1.048e-05,1.048e-05,0.0
2023-06-13 21:30:00,1.048e-05,1.048e-05,1.048e-05,1.048e-05,140.0
2023-06-13 21:35:00,1.048e-05,1.048e-05,1.048e-05,1.048e-05,0.0
2023-06-13 21:40:00,1.048e-05,1.048e-05,1.048e-05,1.048e-05,140.0
2023-06-13 21:45:00,1.048e-05,1.048e-05,1.048e-05,1.048e-05,0.0
2023-06-13 21:50:00,1.047e-05,1.047e-05,1.047e-05,1.047e-05,562.0
2023-06-13 21:55:00,1.047e-05,1.047e-05,1.047e-05,1.047e-05,0.0
2023-06-13 22:00:00,1.047e-05,1.047e-05,1.047e-05,1.047e-05,0.0
2023-06-13 22:05:00,1.047e-05,1.047e-05,1.047e-05,1.047e-05,0.0
2023-06-13 22:10:00,1.047e-05,1.047e-05,1.047e-05,1.047e-05,0.0
2023-06-13 22:15:00,1.047e-05,1.047e-05,1.047e-05,1.047e-05,0.0
2023-06-13 22:20:00,1.047e-05,1.047e-05,1.047e-05,1.047e-05,0.0
2023-06-13 22:25:00,1.048e-05,1.048e-05,1.048e-05,1.048e-05,562.0
2023-06-13 22:30:00,1.048e-05,1.048e-05,1.048e-05,1.048e-05,0.0
2023-06-13 22:35:00,1.048e-05,1.048e-05,1.048e-05,1.048e-05,0.0
2023-06-13 22:40:00,1.048e-05,1.048e-05,1.048e-05,1.048e-05,0.0
2023-06-13 22:45:00,1.048e-05,1.048e-05,1.048e-05,1.048e-05,0.0
2023-06-13 22:50:00,1.048e-05,1.048e-05,1.048e-05,1.048e-05,0.0
2023-06-13 22:55:00,1.048e-05,1.048e-05,1.048e-05,1.048e-05,0.0
2023-06-13 23:00:00,1.048e-05,1.048e-05,1.048e-05,1.048e-05,0.0
2023-06-13 23:05:00,1.047e-05,1.047e-05,1.047e-05,1.047e-05,143.0
2023-06-13 23:10:00,1.047e-05,1.047e-05,1.047e-05,1.047e-05,436.0
2023-06-13 23:15:00,1.047e-05,1.047e-05,1.047e-05,1.047e-05,0.0
2023-06-13 23:20:00,1.047e-05,1.047e-05,1.047e-05,1.047e-05,0.0
2023-06-13 23:25:00,1.047e-05,1.047e-05,1.047e-05,1.047e-05,0.0
2023-06-13 23:30:00,1.047e-05,1.047e-05,1.047e-05,1.047e-05,0.0
2023-06-13 23:35:00,1.047e-05,1.047e-05,1.047e-05,1.047e-05,0.0
2023-06-13 23:40:00,1.047e-05,1.047e-05,1.047e-05,1.047e-05,0.0
2023-06-13 23:45:00,1.047e-05,1.047e-05,1.047e-05,1.047e-05,0.0
2023-06-13 23:50:00,1.047e-05,1.047e-05,1.047e-05,1.047e-05,420.0
2023-06-13 23:55:00,1.046e-05,1.046e-05,1.046e-05,1.046e-05,609.0
2023-06-14 00:00:00,1.045e-05,1.045e-05,1.043e-05,1.043e-05,920.0
2023-06-14 00:05:00,1.043e-05,1.043e-05,1.038e-05,1.039e-05,5499.0
2023-06-14 00:10:00,1.04e-05,1.04e-05,1.04e-05,1.04e-05,140.0
2023-06-14 00:15:00,1.04e-05,1.04e-05,1.04e-05,1.04e-05,140.0
2023-06-14 00:20:00,1.039e-05,1.04e-05,1.039e-05,1.04e-05,838.0
2023-06-14 00:25:00,1.04e-05,1.04e-05,1.04e-05,1.04e-05,0.0
2023-06-14 00:30:00,1.04e-05,1.04e-05,1.04e-05,1.04e-05,0.0
2023-06-14 00:35:00,1.039e-05,1.039e-05,1.039e-05,1.039e-05,280.0
2023-06-14 00:40:00,1.039e-05,1.039e-05,1.039e-05,1.039e-05,140.0
2023-06-14 00:45:00,1.039e-05,1.039e-05,1.039e-05,1.039e-05,0.0
2023-06-14 00:50:00,1.039e-05,1.039e-05,1.039e-05,1.039e-05,0.0
2023-06-14 00:55:00,1.039e-05,1.039e-05,1.038e-05,1.038e-05,376.0
2023-06-14 01:00:00,1.04e-05,1.04e-05,1.04e-05,1.04e-05,420.0
2023-06-14 01:05:00,1.04e-05,1.04e-05,1.04e-05,1.04e-05,0.0
2023-06-14 01:10:00,1.04e-05,1.04e-05,1.04e-05,1.04e-05,81.0
2023-06-14 01:15:00,1.04e-05,1.04e-05,1.04e-05,1.04e-05,0.0
2023-06-14 01:20:00,1.04e-05,1.04e-05,1.04e-05,1.04e-05,140.0
2023-06-14 01:25:00,1.04e-05,1.04e-05,1.04e-05,1.04e-05,140.0
2023-06-14 01:30:00,1.04e-05,1.04e-05,1.04e-05,1.04e-05,0.0
2023-06-14 01:35:00,1.04e-05,1.04e-05,1.04e-05,1.04e-05,0.0
2023-06-14 01:40:00,1.04e-05,1.04e-05,1.04e-05,1.04e-05,0.0
2023-06-14 01:45:00,1.04e-05,1.04e-05,1.04e-05,1.04e-05,0.0
2023-06-14 01:50:00,1.04e-05,1.04e-05,1.039e-05,1.039e-05,280.0
2023-06-14 01:55:00,1.039e-05,1.039e-05,1.039e-05,1.039e-05,0.0
2023-06-14 02:00:00,1.039e-05,1.039e-05,1.039e-05,1.039e-05,0.0
2023-06-14 02:05:00,1.04e-05,1.04e-05,1.04e-05,1.04e-05,140.0
2023-06-14 02:10:00,1.04e-05,1.04e-05,1.04e-05,1.04e-05,0.0
2023-06-14 02:15:00,1.04e-05,1.04e-05,1.04e-05,1.04e-05,140.0
2023-06-14 02:20:00,1.04e-05,1.04e-05,1.04e-05,1.04e-05,0.0
2023-06-14 02:25:00,1.04e-05,1.04e-05,1.04e-05,1.04e-05,0.0
2023-06-14 02:30:00,1.04e-05,1.04e-05,1.04e-05,1.04e-05,140.0
2023-06-14 02:35:00,1.04e-05,1.04e-05,1.04e-05,1.04e-05,130.0
2023-06-14 02:40:00,1.04e-05,1.04e-05,1.04e-05,1.04e-05,0.0
2023-06-14 02:45:00,1.04e-05,1.04e-05,1.04e-05,1.04e-05,0.0
2023-06-14 02:50:00,1.04e-05,1.04e-05,1.04e-05,1.04e-05,0.0
2023-06-14 02:55:00,1.04e-05,1.04e-05,1.04e-05,1.04e-05,0.0
2023-06-14 03:00:00,1.041e-05,1.041e-05,1.041e-05,1.041e-05,338.0
2023-06-14 03:05:00,1.041e-05,1.041e-05,1.041e-05,1.041e-05,140.0
2023-06-14 03:10:00,1.041e-05,1.041e-05,1.041e-05,1.041e-05,0.0
2023-06-14 03:15:00,1.041e-05,1.041e-05,1.041e-05,1.041e-05,0.0
2023-06-14 03:20:00,1.041e-05,1.041e-05,1.041e-05,1.041e-05,140.0
2023-06-14 03:25:00,1.041e-05,1.041e-05,1.041e-05,1.041e-05,0.0
2023-06-14 03:30:00,1.042e-05,1.042e-05,1.042e-05,1.042e-05,469.0
2023-06-14 03:35:00,1.042e-05,1.042e-05,1.042e-05,1.042e-05,0.0
2023-06-14 03:40:00,1.042e-05,1.042e-05,1.042e-05,1.042e-05,0.0
2023-06-14 03:45:00,1.042e-05,1.042e-05,1.042e-05,1.042e-05,0.0
2023-06-14 03:50:00,1.042e-05,1.042e-05,1.042e-05,1.042e-05,0.0
2023-06-14 03:55:00,1.042e-05,1.042e-05,1.042e-05,1.042e-05,0.0
2023-06-14 04:00:00,1.042e-05,1.042e-05,1.042e-05,1.042e-05,0.0
2023-06-14 04:05:00,1.042e-05,1.042e-05,1.042e-05,1.042e-05,0.0
2023-06-14 04:10:00,1.042e-05,1.042e-05,1.042e-05,1.042e-05,0.0
2023-06-14 04:15:00,1.042e-05,1.042e-05,1.042e-05,1.042e-05,0.0
2023-06-14 04:20:00,1.042e-05,1.042e-05,1.042e-05,1.042e-05,0.0
2023-06-14 04:25:00,1.042e-05,1.042e-05,1.042e-05,1.042e-05,0.0
2023-06-14 04:30:00,1.042e-05,1.042e-05,1.042e-05,1.042e-05,0.0
2023-06-14 04:35:00,1.042e-05,1.042e-05,1.042e-05,1.042e-05,0.0
2023-06-14 04:40:00,1.042e-05,1.042e-05,1.042e-05,1.042e-05,0.0
2023-06-14 04:45:00,1.042e-05,1.042e-05,1.042e-05,1.042e-05,0.0
2023-06-14 04:50:00,1.042e-05,1.042e-05,1.042e-05,1.042e-05,0.0
2023-06-14 04:55:00,1.042e-05,1.042e-05,1.042e-05,1.042e-05,0.0
2023-06-14 05:00:00,1.042e-05,1.042e-05,1.042e-05,1.042e-05,0.0
2023-06-14 05:05:00,1.042e-05,1.042e-05,1.042e-05,1.042e-05,0.0
2023-06-14 05:10:00,1.042e-05,1.042e-05,1.042e-05,1.042e-05,0.0
2023-06-14 05:15:00,1.042e-05,1.042e-05,1.042e-05,1.042e-05,0.0
2023-06-14 05:20:00,1.042e-05,1.042e-05,1.042e-05,1.042e-05,0.0
2023-06-14 05:25:00,1.042e-05,1.042e-05,1.042e-05,1.042e-05,0.0
2023-06-14 05:30:00,1.042e-05,1.042e-05,1.042e-05,1.042e-05,150.0
2023-06-14 05:35:00,1.043e-05,1.043e-05,1.043e-05,1.043e-05,724.0
2023-06-14 05:40:00,1.043e-05,1.044e-05,1.043e-05,1.044e-05,922.0
2023-06-14 05:45:00,1.044e-05,1.044e-05,1.044e-05,1.044e-05,0.0
2023-06-14 05:50:00,1.044e-05,1.044e-05,1.044e-05,1.044e-05,520.0
2023-06-14 05:55:00,1.045e-05,1.045e-05,1.045e-05,1.045e-05,985.0
2023-06-14 06:00:00,1.045e-05,1.045e-05,1.045e-05,1.045e-05,0.0
2023-06-14 06:05:00,1.044e-05,1.044e-05,1.044e-05,1.044e-05,15.0
2023-06-14 06:10:00,1.044e-05,1.044e-05,1.044e-05,1.044e-05,0.0
2023-06-14 06:15:00,1.044e-05,1.044e-05,1.044e-05,1.044e-05,0.0
2023-06-14 06:20:00,1.044e-05,1.044e-05,1.044e-05,1.044e-05,0.0
2023-06-14 06:25:00,1.044e-05,1.044e-05,1.044e-05,1.044e-05,0.0
2023-06-14 06:30:00,1.045e-05,1.045e-05,1.045e-05,1.045e-05,11.0
2023-06-14 06:35:00,1.045e-05,1.045e-05,1.045e-05,1.045e-05,0.0
2023-06-14 06:40:00,1.044e-05,1.044e-05,1.043e-05,1.043e-05,1007.0
2023-06-14 06:45:00,1.043e-05,1.043e-05,1.043e-05,1.043e-05,0.0
2023-06-14 06:50:00,1.043e-05,1.043e-05,1.043e-05,1.043e-05,0.0
2023-06-14 06:55:00,1.043e-05,1.043e-05,1.043e-05,1.043e-05,0.0
2023-06-14 07:00:00,1.043e-05,1.043e-05,1.043e-05,1.043e-05,0.0
2023-06-14 07:05:00,1.043e-05,1.043e-05,1.043e-05,1.043e-05,0.0
2023-06-14 07:10:00,1.043e-05,1.043e-05,1.043e-05,1.043e-05,0.0
2023-06-14 07:15:00,1.043e-05,1.043e-05,1.043e-05,1.043e-05,0.0
2023-06-14 07:20:00,1.043e-05,1.043e-05,1.043e-05,1.043e-05,0.0
2023-06-14 07:25:00,1.043e-05,1.043e-05,1.043e-05,1.043e-05,0.0
2023-06-14 07:30:00,1.044e-05,1.045e-05,1.044e-05,1.045e-05,1110.0
2023-06-14 07:35:00,1.044e-05,1.044e-05,1.044e-05,1.044e-05,140.0
2023-06-14 07:40:00,1.044e-05,1.044e-05,1.044e-05,1.044e-05,0.0
2023-06-14 07:45:00,1.045e-05,1.045e-05,1.045e-05,1.045e-05,140.0
2023-06-14 07:50:00,1.045e-05,1.045e-05,1.045e-05,1.045e-05,0.0
2023-06-14 07:55:00,1.046e-05,1.046e-05,1.046e-05,1.046e-05,218.0
2023-06-14 08:00:00,1.046e-05,1.046e-05,1.046e-05,1.046e-05,0.0
2023-06-14 08:05:00,1.046e-05,1.046e-05,1.046e-05,1.046e-05,0.0
2023-06-14 08:10:00,1.046e-05,1.046e-05,1.046e-05,1.046e-05,0.0
2023-06-14 08:15:00,1.045e-05,1.045e-05,1.045e-05,1.045e-05,31.0
2023-06-14 08:20:00,1.044e-05,1.044e-05,1.044e-05,1.044e-05,1686.0
2023-06-14 08:25:00,1.044e-05,1.044e-05,1.044e-05,1.044e-05,0.0
2023-06-14 08:30:00,1.044e-05,1.044e-05,1.044e-05,1.044e-05,0.0
2023-06-14 08:35:00,1.044e-05,1.044e-05,1.044e-05,1.044e-05,140.0
2023-06-14 08:40:00,1.044e-05,1.044e-05,1.044e-05,1.044e-05,0.0
2023-06-14 08:45:00,1.044e-05,1.044e-05,1.044e-05,1.044e-05,140.0
2023-06-14 08:50:00,1.044e-05,1.044e-05,1.044e-05,1.044e-05,0.0
2023-06-14 08:55:00,1.044e-05,1.045e-05,1.044e-05,1.045e-05,140.0
2023-06-14 09:00:00,1.045e-05,1.045e-05,1.045e-05,1.045e-05,0.0
2023-06-14 09:05:00,1.044e-05,1.045e-05,1.044e-05,1.045e-05,140.0
2023-06-14 09:10:00,1.045e-05,1.045e-05,1.045e-05,1.045e-05,0.0
2023-06-14 09:15:00,1.045e-05,1.045e-05,1.045e-05,1.045e-05,0.0
2023-06-14 09:20:00,1.045e-05,1.045e-05,1.045e-05,1.045e-05,0.0
2023-06-14 09:25:00,1.045e-05,1.045e-05,1.045e-05,1.045e-05,0.0
2023-06-14 09:30:00,1.045e-05,1.045e-05,1.045e-05,1.045e-05,0.0
2023-06-14 09:35:00,1.045e-05,1.045e-05,1.045e-05,1.045e-05,0.0
2023-06-14 09:40:00,1.043e-05,1.043e-05,1.043e-05,1.043e-05,420.0
2023-06-14 09:45:00,1.043e-05,1.043e-05,1.042e-05,1.042e-05,280.0
2023-06-14 09:50:00,1.043e-05,1.043e-05,1.043e-05,1.043e-05,140.0
2023-06-14 09:55:00,1.043e-05,1.043e-05,1.043e-05,1.043e-05,0.0
2023-06-14 10:00:00,1.043e-05,1.043e-05,1.043e-05,1.043e-05,0.0
2023-06-14 10:05:00,1.043e-05,1.043e-05,1.043e-05,1.043e-05,140.0
2023-06-14 10:10:00,1.043e-05,1.043e-05,1.043e-05,1.043e-05,0.0
2023-06-14 10:15:00,1.043e-05,1.043e-05,1.043e-05,1.043e-05,0.0
2023-06-14 10:20:00,1.043e-05,1.043e-05,1.043e-05,1.043e-05,0.0
2023-06-14 10:25:00,1.043e-05,1.043e-05,1.043e-05,1.043e-05,0.0
2023-06-14 10:30:00,1.043e-05,1.043e-05,1.043e-05,1.043e-05,0.0
2023-06-14 10:35:00,1.043e-05,1.043e-05,1.043e-05,1.043e-05,0.0
2023-06-14 10:40:00,1.043e-05,1.043e-05,1.043e-05,1.043e-05,0.0
2023-06-14 10:45:00,1.043e-05,1.043e-05,1.043e-05,1.043e-05,0.0
2023-06-14 10:50:00,1.043e-05,1.043e-05,1.043e-05,1.043e-05,0.0
2023-06-14 10:55:00,1.043e-05,1.043e-05,1.043e-05,1.043e-05,0.0
2023-06-14 11:00:00,1.043e-05,1.043e-05,1.043e-05,1.043e-05,0.0
2023-06-14 11:05:00,1.043e-05,1.043e-05,1.043e-05,1.043e-05,0.0
2023-06-14 11:10:00,1.043e-05,1.043e-05,1.043e-05,1.043e-05,0.0
2023-06-14 11:15:00,1.043e-05,1.043e-05,1.043e-05,1.043e-05,0.0
2023-06-14 11:20:00,1.043e-05,1.043e-05,1.043e-05,1.043e-05,0.0
2023-06-14 11:25:00,1.043e-05,1.043e-05,1.043e-05,1.043e-05,0.0
2023-06-14 11:30:00,1.042e-05,1.042e-05,1.042e-05,1.042e-05,420.0
2023-06-14 11:35:00,1.043e-05,1.043e-05,1.043e-05,1.043e-05,140.0
2023-06-14 11:40:00,1.043e-05,1.043e-05,1.043e-05,1.043e-05,140.0
2023-06-14 11:45:00,1.043e-05,1.043e-05,1.043e-05,1.043e-05,0.0
2023-06-14 11:50:00,1.043e-05,1.043e-05,1.043e-05,1.043e-05,0.0
2023-06-14 11:55:00,1.043e-05,1.043e-05,1.043e-05,1.043e-05,0.0
2023-06-14 12:00:00,1.043e-05,1.043e-05,1.043e-05,1.043e-05,0.0
2023-06-14 12:05:00,1.044e-05,1.044e-05,1.044e-05,1.044e-05,126.0
2023-06-14 12:10:00,1.043e-05,1.043e-05,1.043e-05,1.043e-05,14.0
2023-06-14 12:15:00,1.043e-05,1.043e-05,1.043e-05,1.043e-05,240.0
2023-06-14 12:20:00,1.043e-05,1.043e-05,1.043e-05,1.043e-05,0.0
2023-06-14 12:25:00,1.043e-05,1.043e-05,1.043e-05,1.043e-05,0.0
2023-06-14 12:30:00,1.042e-05,1.043e-05,1.042e-05,1.043e-05,546.0
2023-06-14 12:35:00,1.043e-05,1.043e-05,1.043e-05,1.043e-05,0.0
2023-06-14 12:40:00,1.043e-05,1.043e-05,1.043e-05,1.043e-05,0.0
2023-06-14 12:45:00,1.043e-05,1.043e-05,1.043e-05,1.043e-05,0.0
2023-06-14 12:50:00,1.042e-05,1.042e-05,1.041e-05,1.041e-05,798.0
2023-06-14 12:55:00,1.041e-05,1.041e-05,1.041e-05,1.041e-05,140.0
2023-06-14 13:00:00,1.042e-05,1.042e-05,1.042e-05,1.042e-05,140.0
2023-06-14 13:05:00,1.042e-05,1.042e-05,1.042e-05,1.042e-05,0.0
2023-06-14 13:10:00,1.042e-05,1.042e-05,1.042e-05,1.042e-05,280.0
2023-06-14 13:15:00,1.042e-05,1.042e-05,1.042e-05,1.042e-05,0.0
2023-06-14 13:20:00,1.042e-05,1.042e-05,1.042e-05,1.042e-05,0.0
2023-06-14 13:25:00,1.042e-05,1.042e-05,1.042e-05,1.042e-05,140.0
2023-06-14 13:30:00,1.043e-05,1.044e-05,1.043e-05,1.044e-05,1068.0
2023-06-14 13:35:00,1.043e-05,1.043e-05,1.043e-05,1.043e-05,140.0
2023-06-14 13:40:00,1.043e-05,1.043e-05,1.043e-05,1.043e-05,280.0
2023-06-14 13:45:00,1.043e-05,1.043e-05,1.043e-05,1.043e-05,0.0
2023-06-14 13:50:00,1.043e-05,1.043e-05,1.043e-05,1.043e-05,0.0
2023-06-14 13:55:00,1.043e-05,1.043e-05,1.043e-05,1.043e-05,0.0
2023-06-14 14:00:00,1.043e-05,1.043e-05,1.043e-05,1.043e-05,0.0
2023-06-14 14:05:00,1.042e-05,1.042e-05,1.041e-05,1.042e-05,702.0
2023-06-14 14:10:00,1.041e-05,1.041e-05,1.04e-05,1.041e-05,1867.0
2023-06-14 14:15:00,1.041e-05,1.041e-05,1.041e-05,1.041e-05,140.0
2023-06-14 14:20:00,1.041e-05,1.041e-05,1.041e-05,1.041e-05,0.0
2023-06-14 14:25:00,1.041e-05,1.041e-05,1.041e-05,1.041e-05,140.0
2023-06-14 14:30:00,1.041e-05,1.041e-05,1.041e-05,1.041e-05,0.0
2023-06-14 14:35:00,1.041e-05,1.041e-05,1.041e-05,1.041e-05,0.0
2023-06-14 14:40:00,1.041e-05,1.041e-05,1.039e-05,1.039e-05,280.0
2023-06-14 14:45:00,1.041e-05,1.041e-05,1.041e-05,1.041e-05,140.0
2023-06-14 14:50:00,1.041e-05,1.041e-05,1.041e-05,1.041e-05,0.0
2023-06-14 14:55:00,1.041e-05,1.041e-05,1.041e-05,1.041e-05,508.0
2023-06-14 15:00:00,1.041e-05,1.041e-05,1.041e-05,1.041e-05,0.0
2023-06-14 15:05:00,1.041e-05,1.041e-05,1.041e-05,1.041e-05,0.0
2023-06-14 15:10:00,1.041e-05,1.041e-05,1.041e-05,1.041e-05,140.0
2023-06-14 15:15:00,1.042e-05,1.043e-05,1.042e-05,1.043e-05,192.0
2023-06-14 15:20:00,1.043e-05,1.043e-05,1.043e-05,1.043e-05,0.0
2023-06-14 15:25:00,1.043e-05,1.043e-05,1.043e-05,1.043e-05,0.0
2023-06-14 15:30:00,1.043e-05,1.043e-05,1.043e-05,1.043e-05,0.0
2023-06-14 15:35:00,1.043e-05,1.043e-05,1.043e-05,1.043e-05,0.0
2023-06-14 15:40:00,1.043e-05,1.043e-05,1.043e-05,1.043e-05,0.0
2023-06-14 15:45:00,1.043e-05,1.043e-05,1.043e-05,1.043e-05,0.0
2023-06-14 15:50:00,1.043e-05,1.043e-05,1.043e-05,1.043e-05,0.0
2023-06-14 15:55:00,1.043e-05,1.043e-05,1.043e-05,1.043e-05,0.0
2023-06-14 16:00:00,1.043e-05,1.043e-05,1.043e-05,1.043e-05,0.0
2023-06-14 16:05:00,1.043e-05,1.043e-05,1.043e-05,1.043e-05,0.0
2023-06-14 16:10:00,1.043e-05,1.043e-05,1.042e-05,1.042e-05,495.0
2023-06-14 16:15:00,1.042e-05,1.042e-05,1.042e-05,1.042e-05,0.0
2023-06-14 16:20:00,1.042e-05,1.042e-05,1.042e-05,1.042e-05,0.0
2023-06-14 16:25:00,1.042e-05,1.042e-05,1.042e-05,1.042e-05,0.0
2023-06-14 16:30:00,1.042e-05,1.042e-05,1.042e-05,1.042e-05,0.0
2023-06-14 16:35:00,1.042e-05,1.042e-05,1.042e-05,1.042e-05,0.0
2023-06-14 16:40:00,1.042e-05,1.042e-05,1.042e-05,1.042e-05,0.0
2023-06-14 16:45:00,1.044e-05,1.044e-05,1.044e-05,1.044e-05,157.0
2023-06-14 16:50:00,1.043e-05,1.043e-05,1.043e-05,1.043e-05,126.0
2023-06-14 16:55:00,1.045e-05,1.047e-05,1.045e-05,1.047e-05,380.0
2023-06-14 17:00:00,1.046e-05,1.046e-05,1.046e-05,1.046e-05,280.0
2023-06-14 17:05:00,1.045e-05,1.045e-05,1.044e-05,1.044e-05,1448.0
2023-06-14 17:10:00,1.045e-05,1.045e-05,1.043e-05,1.043e-05,5715.0
2023-06-14 17:15:00,1.044e-05,1.045e-05,1.044e-05,1.045e-05,979.0
2023-06-14 17:20:00,1.045e-05,1.045e-05,1.045e-05,1.045e-05,0.0
2023-06-14 17:25:00,1.045e-05,1.045e-05,1.045e-05,1.045e-05,0.0
2023-06-14 17:30:00,1.044e-05,1.044e-05,1.044e-05,1.044e-05,140.0
2023-06-14 17:35:00,1.044e-05,1.044e-05,1.044e-05,1.044e-05,0.0
2023-06-14 17:40:00,1.044e-05,1.044e-05,1.044e-05,1.044e-05,0.0
2023-06-14 17:45:00,1.044e-05,1.044e-05,1.044e-05,1.044e-05,0.0
2023-06-14 17:50:00,1.044e-05,1.044e-05,1.044e-05,1.044e-05,140.0
2023-06-14 17:55:00,1.044e-05,1.044e-05,1.044e-05,1.044e-05,0.0
2023-06-14 18:00:00,1.045e-05,1.046e-05,1.042e-05,1.045e-05,4992.0
2023-06-14 18:05:00,1.047e-05,1.047e-05,1.047e-05,1.047e-05,140.0
2023-06-14 18:10:00,1.044e-05,1.045e-05,1.043e-05,1.045e-05,560.0
2023-06-14 18:15:00,1.044e-05,1.044e-05,1.042e-05,1.044e-05,922.0
2023-06-14 18:20:00,1.044e-05,1.044e-05,1.044e-05,1.044e-05,0.0
2023-06-14 18:25:00,1.041e-05,1.041e-05,1.041e-05,1.041e-05,527.0
2023-06-14 18:30:00,1.042e-05,1.043e-05,1.037e-05,1.043e-05,5695.0
2023-06-14 18:35:00,1.043e-05,1.043e-05,1.043e-05,1.043e-05,0.0
2023-06-14 18:40:00,1.043e-05,1.043e-05,1.043e-05,1.043e-05,0.0
2023-06-14 18:45:00,1.042e-05,1.044e-05,1.042e-05,1.044e-05,1953.0
2023-06-14 18:50:00,1.045e-05,1.046e-05,1.045e-05,1.046e-05,420.0
2023-06-14 18:55:00,1.046e-05,1.046e-05,1.046e-05,1.046e-05,0.0
2023-06-14 19:00:00,1.045e-05,1.045e-05,1.045e-05,1.045e-05,140.0
2023-06-14 19:05:00,1.044e-05,1.044e-05,1.043e-05,1.043e-05,641.0
2023-06-14 19:10:00,1.045e-05,1.046e-05,1.045e-05,1.046e-05,420.0
2023-06-14 19:15:00,1.046e-05,1.047e-05,1.046e-05,1.047e-05,609.0
2023-06-14 19:20:00,1.046e-05,1.046e-05,1.045e-05,1.045e-05,933.0
2023-06-14 19:25:00,1.045e-05,1.045e-05,1.045e-05,1.045e-05,0.0
2023-06-14 19:30:00,1.045e-05,1.045e-05,1.038e-05,1.041e-05,2128.0
2023-06-14 19:35:00,1.042e-05,1.042e-05,1.042e-05,1.042e-05,280.0
2023-06-14 19:40:00,1.042e-05,1.042e-05,1.042e-05,1.042e-05,140.0
2023-06-14 19:45:00,1.041e-05,1.041e-05,1.041e-05,1.041e-05,31.0
2023-06-14 19:50:00,1.041e-05,1.041e-05,1.041e-05,1.041e-05,0.0
2023-06-14 19:55:00,1.041e-05,1.041e-05,1.039e-05,1.041e-05,564.0
2023-06-14 20:00:00,1.042e-05,1.044e-05,1.042e-05,1.043e-05,1700.0
2023-06-14 20:05:00,1.042e-05,1.045e-05,1.041e-05,1.041e-05,5934.0
2023-06-14 20:10:00,1.04e-05,1.04e-05,1.037e-05,1.038e-05,6485.0
2023-06-14 20:15:00,1.039e-05,1.041e-05,1.038e-05,1.038e-05,1094.0
2023-06-14 20:20:00,1.038e-05,1.038e-05,1.038e-05,1.038e-05,125.0
2023-06-14 20:25:00,1.038e-05,1.038e-05,1.038e-05,1.038e-05,0.0
2023-06-14 20:30:00,1.041e-05,1.055e-05,1.04e-05,1.047e-05,70879.0
2023-06-14 20:35:00,1.047e-05,1.048e-05,1.043e-05,1.043e-05,6821.0
2023-06-14 20:40:00,1.043e-05,1.045e-05,1.043e-05,1.045e-05,4074.0
2023-06-14 20:45:00,1.045e-05,1.055e-05,1.045e-05,1.052e-05,47482.0
2023-06-14 20:50:00,1.053e-05,1.053e-05,1.044e-05,1.048e-05,14038.0
2023-06-14 20:55:00,1.047e-05,1.048e-05,1.041e-05,1.043e-05,23734.0
2023-06-14 21:00:00,1.045e-05,1.049e-05,1.04e-05,1.04e-05,62183.0
2023-06-14 21:05:00,1.039e-05,1.04e-05,1.038e-05,1.04e-05,860.0
2023-06-14 21:10:00,1.038e-05,1.039e-05,1.037e-05,1.037e-05,12615.0
2023-06-14 21:15:00,1.037e-05,1.037e-05,1.036e-05,1.036e-05,37827.0
2023-06-14 21:20:00,1.036e-05,1.04e-05,1.035e-05,1.04e-05,2368.0
2023-06-14 21:25:00,1.04e-05,1.04e-05,1.04e-05,1.04e-05,0.0
2023-06-14 21:30:00,1.04e-05,1.04e-05,1.039e-05,1.039e-05,218.0
2023-06-14 21:35:00,1.038e-05,1.038e-05,1.034e-05,1.034e-05,2826.0
2023-06-14 21:40:00,1.035e-05,1.035e-05,1.034e-05,1.034e-05,3026.0
2023-06-14 21:45:00,1.034e-05,1.034e-05,1.034e-05,1.034e-05,1297.0
2023-06-14 21:50:00,1.036e-05,1.036e-05,1.034e-05,1.034e-05,1394.0
2023-06-14 21:55:00,1.034e-05,1.035e-05,1.034e-05,1.034e-05,11387.0
2023-06-14 22:00:00,1.035e-05,1.035e-05,1.035e-05,1.035e-05,262.0
2023-06-14 22:05:00,1.035e-05,1.035e-05,1.033e-05,1.033e-05,44085.0
2023-06-14 22:10:00,1.033e-05,1.033e-05,1.033e-05,1.033e-05,0.0
2023-06-14 22:15:00,1.033e-05,1.033e-05,1.033e-05,1.033e-05,0.0
2023-06-14 22:20:00,1.034e-05,1.034e-05,1.034e-05,1.034e-05,18.0
2023-06-14 22:25:00,1.034e-05,1.034e-05,1.034e-05,1.034e-05,0.0
2023-06-14 22:30:00,1.034e-05,1.034e-05,1.034e-05,1.034e-05,0.0
2023-06-14 22:35:00,1.034e-05,1.034e-05,1.034e-05,1.034e-05,0.0
2023-06-14 22:40:00,1.034e-05,1.034e-05,1.034e-05,1.034e-05,0.0
2023-06-14 22:45:00,1.035e-05,1.035e-05,1.035e-05,1.035e-05,140.0
2023-06-14 22:50:00,1.035e-05,1.035e-05,1.035e-05,1.035e-05,140.0
2023-06-14 22:55:00,1.036e-05,1.036e-05,1.036e-05,1.036e-05,140.0
2023-06-14 23:00:00,1.036e-05,1.036e-05,1.036e-05,1.036e-05,0.0
2023-06-14 23:05:00,1.035e-05,1.035e-05,1.033e-05,1.033e-05,1961.0
2023-06-14 23:10:00,1.033e-05,1.033e-05,1.033e-05,1.033e-05,3210.0
2023-06-14 23:15:00,1.033e-05,1.033e-05,1.033e-05,1.033e-05,0.0
2023-06-14 23:20:00,1.033e-05,1.033e-05,1.033e-05,1.033e-05,126.0
2023-06-14 23:25:00,1.033e-05,1.033e-05,1.031e-05,1.031e-05,128.0
2023-06-14 23:30:00,1.033e-05,1.033e-05,1.031e-05,1.031e-05,140.0
2023-06-14 23:35:00,1.031e-05,1.031e-05,1.031e-05,1.031e-05,0.0
2023-06-14 23:40:00,1.033e-05,1.033e-05,1.033e-05,1.033e-05,140.0
2023-06-14 23:45:00,1.032e-05,1.032e-05,1.032e-05,1.032e-05,280.0
2023-06-14 23:50:00,1.032e-05,1.032e-05,1.032e-05,1.032e-05,0.0
2023-06-14 23:55:00,1.032e-05,1.032e-05,1.032e-05,1.032e-05,0.0
2023-06-15 00:00:00,1.032e-05,1.032e-05,1.032e-05,1.032e-05,0.0
2023-06-15 00:05:00,1.032e-05,1.032e-05,1.032e-05,1.032e-05,0.0
2023-06-15 00:10:00,1.032e-05,1.032e-05,1.031e-05,1.031e-05,11934.0
2023-06-15 00:15:00,1.032e-05,1.032e-05,1.032e-05,1.032e-05,280.0
2023-06-15 00:20:00,1.031e-05,1.031e-05,1.031e-05,1.031e-05,5611.0
2023-06-15 00:25:00,1.031e-05,1.031e-05,1.031e-05,1.031e-05,4462.0
2023-06-15 00:30:00,1.031e-05,1.031e-05,1.031e-05,1.031e-05,8851.0
2023-06-15 00:35:00,1.032e-05,1.032e-05,1.032e-05,1.032e-05,10.0
2023-06-15 00:40:00,1.033e-05,1.035e-05,1.033e-05,1.035e-05,1750.0
2023-06-15 00:45:00,1.035e-05,1.035e-05,1.035e-05,1.035e-05,0.0
2023-06-15 00:50:00,1.035e-05,1.035e-05,1.035e-05,1.035e-05,140.0
2023-06-15 00:55:00,1.035e-05,1.035e-05,1.035e-05,1.035e-05,140.0
2023-06-15 01:00:00,1.035e-05,1.035e-05,1.035e-05,1.035e-05,0.0
2023-06-15 01:05:00,1.035e-05,1.035e-05,1.035e-05,1.035e-05,0.0
2023-06-15 01:10:00,1.034e-05,1.034e-05,1.033e-05,1.033e-05,650.0
2023-06-15 01:15:00,1.035e-05,1.035e-05,1.035e-05,1.035e-05,280.0
2023-06-15 01:20:00,1.035e-05,1.035e-05,1.035e-05,1.035e-05,280.0
2023-06-15 01:25:00,1.035e-05,1.035e-05,1.035e-05,1.035e-05,0.0
2023-06-15 01:30:00,1.035e-05,1.037e-05,1.035e-05,1.037e-05,149.0
2023-06-15 01:35:00,1.034e-05,1.034e-05,1.032e-05,1.032e-05,2400.0
2023-06-15 01:40:00,1.034e-05,1.036e-05,1.031e-05,1.031e-05,9941.0
2023-06-15 01:45:00,1.031e-05,1.031e-05,1.03e-05,1.031e-05,19028.0
2023-06-15 01:50:00,1.03e-05,1.03e-05,1.028e-05,1.029e-05,27027.0
2023-06-15 01:55:00,1.029e-05,1.029e-05,1.029e-05,1.029e-05,140.0
2023-06-15 02:00:00,1.029e-05,1.029e-05,1.029e-05,1.029e-05,0.0
2023-06-15 02:05:00,1.029e-05,1.029e-05,1.029e-05,1.029e-05,0.0
2023-06-15 02:10:00,1.029e-05,1.029e-05,1.029e-05,1.029e-05,150.0
2023-06-15 02:15:00,1.028e-05,1.029e-05,1.028e-05,1.028e-05,6031.0
2023-06-15 02:20:00,1.028e-05,1.028e-05,1.028e-05,1.028e-05,17481.0
2023-06-15 02:25:00,1.028e-05,1.028e-05,1.028e-05,1.028e-05,3506.0
2023-06-15 02:30:00,1.029e-05,1.029e-05,1.029e-05,1.029e-05,1187.0
2023-06-15 02:35:00,1.029e-05,1.029e-05,1.029e-05,1.029e-05,0.0
2023-06-15 02:40:00,1.029e-05,1.029e-05,1.029e-05,1.029e-05,0.0
2023-06-15 02:45:00,1.029e-05,1.029e-05,1.029e-05,1.029e-05,0.0
2023-06-15 02:50:00,1.029e-05,1.029e-05,1.029e-05,1.029e-05,0.0
2023-06-15 02:55:00,1.029e-05,1.029e-05,1.029e-05,1.029e-05,0.0
2023-06-15 03:00:00,1.029e-05,1.029e-05,1.029e-05,1.029e-05,0.0
2023-06-15 03:05:00,1.029e-05,1.029e-05,1.029e-05,1.029e-05,0.0
2023-06-15 03:10:00,1.029e-05,1.029e-05,1.029e-05,1.029e-05,0.0
2023-06-15 03:15:00,1.029e-05,1.029e-05,1.029e-05,1.029e-05,495.0
2023-06-15 03:20:00,1.029e-05,1.029e-05,1.029e-05,1.029e-05,541.0
2023-06-15 03:25:00,1.029e-05,1.029e-05,1.029e-05,1.029e-05,0.0
2023-06-15 03:30:00,1.029e-05,1.029e-05,1.029e-05,1.029e-05,140.0
2023-06-15 03:35:00,1.029e-05,1.029e-05,1.029e-05,1.029e-05,0.0
2023-06-15 03:40:00,1.029e-05,1.029e-05,1.029e-05,1.029e-05,0.0
2023-06-15 03:45:00,1.029e-05,1.029e-05,1.029e-05,1.029e-05,0.0
2023-06-15 03:50:00,1.029e-05,1.029e-05,1.029e-05,1.029e-05,0.0
2023-06-15 03:55:00,1.029e-05,1.029e-05,1.029e-05,1.029e-05,140.0
2023-06-15 04:00:00,1.03e-05,1.03e-05,1.028e-05,1.03e-05,469.0
2023-06-15 04:05:00,1.03e-05,1.032e-05,1.03e-05,1.03e-05,308.0
2023-06-15 04:10:00,1.03e-05,1.03e-05,1.03e-05,1.03e-05,0.0
2023-06-15 04:15:00,1.031e-05,1.032e-05,1.031e-05,1.032e-05,881.0
2023-06-15 04:20:00,1.032e-05,1.032e-05,1.032e-05,1.032e-05,0.0
2023-06-15 04:25:00,1.032e-05,1.032e-05,1.032e-05,1.032e-05,0.0
2023-06-15 04:30:00,1.03e-05,1.03e-05,1.03e-05,1.03e-05,280.0
2023-06-15 04:35:00,1.03e-05,1.03e-05,1.03e-05,1.03e-05,1199.0
2023-06-15 04:40:00,1.03e-05,1.03e-05,1.03e-05,1.03e-05,0.0
2023-06-15 04:45:00,1.03e-05,1.03e-05,1.03e-05,1.03e-05,140.0
2023-06-15 04:50:00,1.03e-05,1.03e-05,1.03e-05,1.03e-05,140.0
2023-06-15 04:55:00,1.03e-05,1.03e-05,1.03e-05,1.03e-05,0.0
2023-06-15 05:00:00,1.03e-05,1.03e-05,1.03e-05,1.03e-05,0.0
2023-06-15 05:05:00,1.03e-05,1.03e-05,1.03e-05,1.03e-05,0.0
2023-06-15 05:10:00,1.03e-05,1.03e-05,1.03e-05,1.03e-05,0.0
2023-06-15 05:15:00,1.03e-05,1.03e-05,1.03e-05,1.03e-05,0.0
2023-06-15 05:20:00,1.03e-05,1.03e-05,1.03e-05,1.03e-05,0.0
2023-06-15 05:25:00,1.029e-05,1.029e-05,1.027e-05,1.027e-05,1335.0
2023-06-15 05:30:00,1.028e-05,1.028e-05,1.028e-05,1.028e-05,19.0
2023-06-15 05:35:00,1.026e-05,1.026e-05,1.026e-05,1.026e-05,121.0
2023-06-15 05:40:00,1.027e-05,1.027e-05,1.027e-05,1.027e-05,140.0
2023-06-15 05:45:00,1.027e-05,1.027e-05,1.027e-05,1.027e-05,194.0
2023-06-15 05:50:00,1.027e-05,1.027e-05,1.027e-05,1.027e-05,0.0
2023-06-15 05:55:00,1.027e-05,1.027e-05,1.027e-05,1.027e-05,139.0
2023-06-15 06:00:00,1.027e-05,1.027e-05,1.026e-05,1.026e-05,139.0
2023-06-15 06:05:00,1.027e-05,1.028e-05,1.027e-05,1.028e-05,1520.0
2023-06-15 06:10:00,1.027e-05,1.027e-05,1.027e-05,1.027e-05,519.0
2023-06-15 06:15:00,1.027e-05,1.027e-05,1.027e-05,1.027e-05,0.0
2023-06-15 06:20:00,1.027e-05,1.027e-05,1.027e-05,1.027e-05,0.0
2023-06-15 06:25:00,1.028e-05,1.028e-05,1.028e-05,1.028e-05,140.0
2023-06-15 06:30:00,1.028e-05,1.028e-05,1.028e-05,1.028e-05,140.0
2023-06-15 06:35:00,1.027e-05,1.027e-05,1.026e-05,1.027e-05,739.0
2023-06-15 06:40:00,1.027e-05,1.027e-05,1.027e-05,1.027e-05,0.0
2023-06-15 06:45:00,1.027e-05,1.027e-05,1.025e-05,1.025e-05,5416.0
2023-06-15 06:50:00,1.025e-05,1.026e-05,1.025e-05,1.026e-05,7450.0
2023-06-15 06:55:00,1.026e-05,1.026e-05,1.026e-05,1.026e-05,0.0
2023-06-15 07:00:00,1.026e-05,1.026e-05,1.026e-05,1.026e-05,734.0
2023-06-15 07:05:00,1.026e-05,1.026e-05,1.025e-05,1.025e-05,9963.0
2023-06-15 07:10:00,1.025e-05,1.025e-05,1.022e-05,1.025e-05,30992.0
2023-06-15 07:15:00,1.024e-05,1.024e-05,1.021e-05,1.021e-05,36378.0
2023-06-15 07:20:00,1.023e-05,1.023e-05,1.023e-05,1.023e-05,140.0
2023-06-15 07:25:00,1.023e-05,1.023e-05,1.023e-05,1.023e-05,18.0
2023-06-15 07:30:00,1.023e-05,1.023e-05,1.023e-05,1.023e-05,0.0
2023-06-15 07:35:00,1.02e-05,1.02e-05,1.02e-05,1.02e-05,123.0
2023-06-15 07:40:00,1.023e-05,1.023e-05,1.023e-05,1.023e-05,140.0
2023-06-15 07:45:00,1.022e-05,1.022e-05,1.02e-05,1.02e-05,1081.0
2023-06-15 07:50:00,1.02e-05,1.02e-05,1.019e-05,1.02e-05,3128.0
2023-06-15 07:55:00,1.021e-05,1.021e-05,1.02e-05,1.02e-05,140.0
2023-06-15 08:00:00,1.02e-05,1.02e-05,1.02e-05,1.02e-05,16.0
2023-06-15 08:05:00,1.02e-05,1.02e-05,1.02e-05,1.02e-05,0.0
2023-06-15 08:10:00,1.02e-05,1.02e-05,1.02e-05,1.02e-05,0.0
2023-06-15 08:15:00,1.02e-05,1.02e-05,1.019e-05,1.019e-05,2642.0
2023-06-15 08:20:00,1.019e-05,1.019e-05,1.019e-05,1.019e-05,0.0
2023-06-15 08:25:00,1.019e-05,1.019e-05,1.019e-05,1.019e-05,0.0
2023-06-15 08:30:00,1.019e-05,1.019e-05,1.019e-05,1.019e-05,0.0
2023-06-15 08:35:00,1.02e-05,1.02e-05,1.02e-05,1.02e-05,713.0
2023-06-15 08:40:00,1.02e-05,1.02e-05,1.02e-05,1.02e-05,0.0
2023-06-15 08:45:00,1.021e-05,1.021e-05,1.021e-05,1.021e-05,140.0
2023-06-15 08:50:00,1.021e-05,1.021e-05,1.021e-05,1.021e-05,422.0
2023-06-15 08:55:00,1.021e-05,1.021e-05,1.021e-05,1.021e-05,280.0
2023-06-15 09:00:00,1.021e-05,1.021e-05,1.021e-05,1.021e-05,140.0
2023-06-15 09:05:00,1.02e-05,1.02e-05,1.019e-05,1.019e-05,25625.0
2023-06-15 09:10:00,1.019e-05,1.019e-05,1.019e-05,1.019e-05,17202.0
2023-06-15 09:15:00,1.019e-05,1.019e-05,1.017e-05,1.019e-05,654.0
2023-06-15 09:20:00,1.019e-05,1.019e-05,1.019e-05,1.019e-05,0.0
2023-06-15 09:25:00,1.019e-05,1.019e-05,1.018e-05,1.018e-05,582.0
2023-06-15 09:30:00,1.017e-05,1.017e-05,1.017e-05,1.017e-05,1678.0
2023-06-15 09:35:00,1.017e-05,1.017e-05,1.017e-05,1.017e-05,0.0
2023-06-15 09:40:00,1.019e-05,1.019e-05,1.019e-05,1.019e-05,22.0
2023-06-15 09:45:00,1.019e-05,1.019e-05,1.019e-05,1.019e-05,0.0
2023-06-15 09:50:00,1.019e-05,1.019e-05,1.019e-05,1.019e-05,0.0
2023-06-15 09:55:00,1.017e-05,1.017e-05,1.016e-05,1.016e-05,128.0
2023-06-15 10:00:00,1.019e-05,1.023e-05,1.017e-05,1.017e-05,556.0
2023-06-15 10:05:00,1.017e-05,1.017e-05,1.017e-05,1.017e-05,0.0
2023-06-15 10:10:00,1.017e-05,1.017e-05,1.017e-05,1.017e-05,0.0
2023-06-15 10:15:00,1.018e-05,1.018e-05,1.017e-05,1.017e-05,499.0
2023-06-15 10:20:00,1.019e-05,1.019e-05,1.019e-05,1.019e-05,13.0
2023-06-15 10:25:00,1.017e-05,1.017e-05,1.016e-05,1.016e-05,127.0
2023-06-15 10:30:00,1.016e-05,1.016e-05,1.016e-05,1.016e-05,0.0
2023-06-15 10:35:00,1.016e-05,1.016e-05,1.016e-05,1.016e-05,0.0
2023-06-15 10:40:00,1.017e-05,1.017e-05,1.017e-05,1.017e-05,575.0
2023-06-15 10:45:00,1.017e-05,1.017e-05,1.017e-05,1.017e-05,0.0
2023-06-15 10:50:00,1.016e-05,1.016e-05,1.016e-05,1.016e-05,23774.0
2023-06-15 10:55:00,1.016e-05,1.016e-05,1.016e-05,1.016e-05,0.0
2023-06-15 11:00:00,1.016e-05,1.017e-05,1.015e-05,1.017e-05,31694.0
2023-06-15 11:05:00,1.014e-05,1.014e-05,1.014e-05,1.014e-05,122.0
2023-06-15 11:10:00,1.017e-05,1.018e-05,1.017e-05,1.018e-05,184.0
2023-06-15 11:15:00,1.015e-05,1.015e-05,1.015e-05,1.015e-05,420.0
2023-06-15 11:20:00,1.015e-05,1.018e-05,1.014e-05,1.018e-05,905.0
2023-06-15 11:25:00,1.018e-05,1.018e-05,1.018e-05,1.018e-05,0.0
2023-06-15 11:30:00,1.014e-05,1.014e-05,1.014e-05,1.014e-05,5330.0
2023-06-15 11:35:00,1.013e-05,1.013e-05,1.013e-05,1.013e-05,794.0
2023-06-15 11:40:00,1.013e-05,1.013e-05,1.013e-05,1.013e-05,0.0
2023-06-15 11:45:00,1.013e-05,1.013e-05,1.013e-05,1.013e-05,0.0
2023-06-15 11:50:00,1.015e-05,1.015e-05,1.014e-05,1.014e-05,140.0
2023-06-15 11:55:00,1.015e-05,1.015e-05,1.015e-05,1.015e-05,151.0
2023-06-15 12:00:00,1.016e-05,1.016e-05,1.016e-05,1.016e-05,571.0
2023-06-15 12:05:00,1.017e-05,1.017e-05,1.017e-05,1.017e-05,91.0
2023-06-15 12:10:00,1.017e-05,1.017e-05,1.017e-05,1.017e-05,0.0
2023-06-15 12:15:00,1.017e-05,1.017e-05,1.017e-05,1.017e-05,0.0
2023-06-15 12:20:00,1.017e-05,1.017e-05,1.017e-05,1.017e-05,280.0
2023-06-15 12:25:00,1.017e-05,1.017e-05,1.017e-05,1.017e-05,749.0
2023-06-15 12:30:00,1.017e-05,1.017e-05,1.017e-05,1.017e-05,0.0
2023-06-15 12:35:00,1.018e-05,1.018e-05,1.018e-05,1.018e-05,431.0
2023-06-15 12:40:00,1.017e-05,1.017e-05,1.017e-05,1.017e-05,451.0
2023-06-15 12:45:00,1.017e-05,1.017e-05,1.017e-05,1.017e-05,0.0
2023-06-15 12:50:00,1.014e-05,1.014e-05,1.014e-05,1.014e-05,13.0
2023-06-15 12:55:00,1.014e-05,1.014e-05,1.014e-05,1.014e-05,0.0
2023-06-15 13:00:00,1.014e-05,1.014e-05,1.014e-05,1.014e-05,0.0
2023-06-15 13:05:00,1.016e-05,1.016e-05,1.016e-05,1.016e-05,280.0
2023-06-15 13:10:00,1.016e-05,1.017e-05,1.016e-05,1.017e-05,280.0
2023-06-15 13:15:00,1.017e-05,1.017e-05,1.017e-05,1.017e-05,0.0
2023-06-15 13:20:00,1.017e-05,1.017e-05,1.017e-05,1.017e-05,0.0
2023-06-15 13:25:00,1.015e-05,1.016e-05,1.015e-05,1.016e-05,280.0
2023-06-15 13:30:00,1.015e-05,1.015e-05,1.015e-05,1.015e-05,419.0
2023-06-15 13:35:00,1.015e-05,1.015e-05,1.015e-05,1.015e-05,0.0
2023-06-15 13:40:00,1.016e-05,1.016e-05,1.016e-05,1.016e-05,140.0
2023-06-15 13:45:00,1.016e-05,1.016e-05,1.016e-05,1.016e-05,0.0
2023-06-15 13:50:00,1.016e-05,1.016e-05,1.016e-05,1.016e-05,0.0
2023-06-15 13:55:00,1.016e-05,1.016e-05,1.016e-05,1.016e-05,0.0
2023-06-15 14:00:00,1.017e-05,1.017e-05,1.017e-05,1.017e-05,773.0
2023-06-15 14:05:00,1.017e-05,1.017e-05,1.017e-05,1.017e-05,0.0
2023-06-15 14:10:00,1.017e-05,1.017e-05,1.017e-05,1.017e-05,0.0
2023-06-15 14:15:00,1.017e-05,1.017e-05,1.017e-05,1.017e-05,0.0
2023-06-15 14:20:00,1.017e-05,1.017e-05,1.017e-05,1.017e-05,0.0
2023-06-15 14:25:00,1.017e-05,1.017e-05,1.017e-05,1.017e-05,0.0
2023-06-15 14:30:00,1.017e-05,1.017e-05,1.017e-05,1.017e-05,0.0
2023-06-15 14:35:00,1.017e-05,1.017e-05,1.017e-05,1.017e-05,0.0
2023-06-15 14:40:00,1.017e-05,1.017e-05,1.017e-05,1.017e-05,0.0
2023-06-15 14:45:00,1.017e-05,1.017e-05,1.017e-05,1.017e-05,10.0
2023-06-15 14:50:00,1.017e-05,1.017e-05,1.017e-05,1.017e-05,0.0
2023-06-15 14:55:00,1.017e-05,1.017e-05,1.017e-05,1.017e-05,799.0
2023-06-15 15:00:00,1.017e-05,1.017e-05,1.017e-05,1.017e-05,1112.0
2023-06-15 15:05:00,1.017e-05,1.017e-05,1.017e-05,1.017e-05,0.0
2023-06-15 15:10:00,1.017e-05,1.017e-05,1.017e-05,1.017e-05,0.0
2023-06-15 15:15:00,1.017e-05,1.017e-05,1.017e-05,1.017e-05,0.0
2023-06-15 15:20:00,1.017e-05,1.017e-05,1.017e-05,1.017e-05,0.0
2023-06-15 15:25:00,1.017e-05,1.017e-05,1.017e-05,1.017e-05,0.0
2023-06-15 15:30:00,1.017e-05,1.017e-05,1.017e-05,1.017e-05,394.0
2023-06-15 15:35:00,1.017e-05,1.017e-05,1.017e-05,1.017e-05,0.0
2023-06-15 15:40:00,1.017e-05,1.017e-05,1.017e-05,1.017e-05,0.0
2023-06-15 15:45:00,1.017e-05,1.017e-05,1.017e-05,1.017e-05,4029.0
2023-06-15 15:50:00,1.016e-05,1.016e-05,1.016e-05,1.016e-05,5292.0
2023-06-15 15:55:00,1.016e-05,1.016e-05,1.016e-05,1.016e-05,0.0
2023-06-15 16:00:00,1.017e-05,1.017e-05,1.017e-05,1.017e-05,3424.0
2023-06-15 16:05:00,1.017e-05,1.017e-05,1.017e-05,1.017e-05,4148.0
2023-06-15 16:10:00,1.017e-05,1.017e-05,1.017e-05,1.017e-05,280.0
2023-06-15 16:15:00,1.017e-05,1.017e-05,1.017e-05,1.017e-05,0.0
2023-06-15 16:20:00,1.017e-05,1.017e-05,1.017e-05,1.017e-05,0.0
2023-06-15 16:25:00,1.017e-05,1.017e-05,1.017e-05,1.017e-05,0.0
2023-06-15 16:30:00,1.017e-05,1.017e-05,1.015e-05,1.015e-05,142.0
2023-06-15 16:35:00,1.015e-05,1.015e-05,1.015e-05,1.015e-05,0.0
2023-06-15 16:40:00,1.015e-05,1.015e-05,1.015e-05,1.015e-05,0.0
2023-06-15 16:45:00,1.015e-05,1.015e-05,1.015e-05,1.015e-05,0.0
2023-06-15 16:50:00,1.015e-05,1.015e-05,1.015e-05,1.015e-05,0.0
2023-06-15 16:55:00,1.015e-05,1.015e-05,1.015e-05,1.015e-05,0.0
2023-06-15 17:00:00,1.015e-05,1.016e-05,1.015e-05,1.016e-05,407.0
2023-06-15 17:05:00,1.015e-05,1.015e-05,1.015e-05,1.015e-05,79.0
2023-06-15 17:10:00,1.015e-05,1.015e-05,1.014e-05,1.014e-05,3285.0
2023-06-15 17:15:00,1.014e-05,1.014e-05,1.014e-05,1.014e-05,798.0
2023-06-15 17:20:00,1.014e-05,1.014e-05,1.014e-05,1.014e-05,0.0
2023-06-15 17:25:00,1.014e-05,1.014e-05,1.014e-05,1.014e-05,0.0
2023-06-15 17:30:00,1.014e-05,1.014e-05,1.014e-05,1.014e-05,0.0
2023-06-15 17:35:00,1.014e-05,1.014e-05,1.014e-05,1.014e-05,0.0
2023-06-15 17:40:00,1.014e-05,1.014e-05,1.014e-05,1.014e-05,138.0
2023-06-15 17:45:00,1.014e-05,1.014e-05,1.014e-05,1.014e-05,0.0
2023-06-15 17:50:00,1.014e-05,1.014e-05,1.014e-05,1.014e-05,140.0
2023-06-15 17:55:00,1.014e-05,1.014e-05,1.013e-05,1.013e-05,2373.0
2023-06-15 18:00:00,1.015e-05,1.015e-05,1.015e-05,1.015e-05,270.0
2023-06-15 18:05:00,1.015e-05,1.015e-05,1.015e-05,1.015e-05,140.0
2023-06-15 18:10:00,1.015e-05,1.015e-05,1.015e-05,1.015e-05,0.0
2023-06-15 18:15:00,1.015e-05,1.015e-05,1.015e-05,1.015e-05,0.0
2023-06-15 18:20:00,1.017e-05,1.017e-05,1.017e-05,1.017e-05,384.0
2023-06-15 18:25:00,1.017e-05,1.017e-05,1.017e-05,1.017e-05,0.0
2023-06-15 18:30:00,1.017e-05,1.017e-05,1.017e-05,1.017e-05,0.0
2023-06-15 18:35:00,1.017e-05,1.017e-05,1.017e-05,1.017e-05,0.0
2023-06-15 18:40:00,1.017e-05,1.017e-05,1.017e-05,1.017e-05,0.0
2023-06-15 18:45:00,1.017e-05,1.017e-05,1.017e-05,1.017e-05,0.0
2023-06-15 18:50:00,1.014e-05,1.015e-05,1.014e-05,1.015e-05,252.0
2023-06-15 18:55:00,1.015e-05,1.016e-05,1.015e-05,1.015e-05,1173.0
2023-06-15 19:00:00,1.015e-05,1.016e-05,1.014e-05,1.015e-05,2279.0
2023-06-15 19:05:00,1.014e-05,1.014e-05,1.013e-05,1.013e-05,1378.0
2023-06-15 19:10:00,1.013e-05,1.013e-05,1.013e-05,1.013e-05,4747.0
2023-06-15 19:15:00,1.014e-05,1.015e-05,1.013e-05,1.013e-05,617.0
2023-06-15 19:20:00,1.015e-05,1.015e-05,1.015e-05,1.015e-05,202.0
2023-06-15 19:25:00,1.015e-05,1.015e-05,1.015e-05,1.015e-05,0.0
2023-06-15 19:30:00,1.014e-05,1.014e-05,1.014e-05,1.014e-05,138.0
2023-06-15 19:35:00,1.015e-05,1.015e-05,1.015e-05,1.015e-05,140.0
2023-06-15 19:40:00,1.015e-05,1.015e-05,1.015e-05,1.015e-05,0.0
2023-06-15 19:45:00,1.015e-05,1.016e-05,1.015e-05,1.016e-05,398.0
2023-06-15 19:50:00,1.016e-05,1.016e-05,1.016e-05,1.016e-05,0.0
2023-06-15 19:55:00,1.016e-05,1.016e-05,1.016e-05,1.016e-05,0.0
2023-06-15 20:00:00,1.014e-05,1.014e-05,1.014e-05,1.014e-05,376.0
2023-06-15 20:05:00,1.018e-05,1.018e-05,1.018e-05,1.018e-05,94.0
2023-06-15 20:10:00,1.015e-05,1.016e-05,1.015e-05,1.016e-05,1009.0
2023-06-15 20:15:00,1.015e-05,1.018e-05,1.015e-05,1.018e-05,139.0
2023-06-15 20:20:00,1.015e-05,1.015e-05,1.015e-05,1.015e-05,57.0
2023-06-15 20:25:00,1.016e-05,1.02e-05,1.016e-05,1.02e-05,3562.0
2023-06-15 20:30:00,1.019e-05,1.019e-05,1.019e-05,1.019e-05,140.0
2023-06-15 20:35:00,1.018e-05,1.018e-05,1.018e-05,1.018e-05,280.0
2023-06-15 20:40:00,1.018e-05,1.018e-05,1.018e-05,1.018e-05,140.0
2023-06-15 20:45:00,1.018e-05,1.018e-05,1.018e-05,1.018e-05,0.0
2023-06-15 20:50:00,1.018e-05,1.018e-05,1.018e-05,1.018e-05,0.0
2023-06-15 20:55:00,1.016e-05,1.017e-05,1.013e-05,1.013e-05,4518.0
2023-06-15 21:00:00,1.014e-05,1.015e-05,1.013e-05,1.013e-05,3345.0
2023-06-15 21:05:00,1.013e-05,1.013e-05,1.013e-05,1.013e-05,2075.0
2023-06-15 21:10:00,1.013e-05,1.013e-05,1.013e-05,1.013e-05,515.0
2023-06-15 21:15:00,1.014e-05,1.014e-05,1.013e-05,1.013e-05,1463.0
2023-06-15 21:20:00,1.013e-05,1.014e-05,1.013e-05,1.014e-05,159.0
2023-06-15 21:25:00,1.015e-05,1.015e-05,1.014e-05,1.014e-05,724.0
2023-06-15 21:30:00,1.013e-05,1.014e-05,1.013e-05,1.014e-05,7182.0
2023-06-15 21:35:00,1.014e-05,1.014e-05,1.014e-05,1.014e-05,140.0
2023-06-15 21:40:00,1.015e-05,1.015e-05,1.015e-05,1.015e-05,140.0
2023-06-15 21:45:00,1.015e-05,1.015e-05,1.014e-05,1.014e-05,394.0
2023-06-15 21:50:00,1.015e-05,1.015e-05,1.015e-05,1.015e-05,140.0
2023-06-15 21:55:00,1.016e-05,1.016e-05,1.016e-05,1.016e-05,466.0
2023-06-15 22:00:00,1.016e-05,1.016e-05,1.016e-05,1.016e-05,0.0
2023-06-15 22:05:00,1.016e-05,1.016e-05,1.016e-05,1.016e-05,0.0
2023-06-15 22:10:00,1.016e-05,1.016e-05,1.016e-05,1.016e-05,0.0
2023-06-15 22:15:00,1.016e-05,1.016e-05,1.016e-05,1.016e-05,0.0
2023-06-15 22:20:00,1.016e-05,1.016e-05,1.016e-05,1.016e-05,0.0
2023-06-15 22:25:00,1.016e-05,1.016e-05,1.016e-05,1.016e-05,0.0
2023-06-15 22:30:00,1.016e-05,1.016e-05,1.016e-05,1.016e-05,0.0
2023-06-15 22:35:00,1.015e-05,1.015e-05,1.015e-05,1.015e-05,280.0
2023-06-15 22:40:00,1.014e-05,1.014e-05,1.014e-05,1.014e-05,277.0
2023-06-15 22:45:00,1.014e-05,1.014e-05,1.013e-05,1.013e-05,3107.0
2023-06-15 22:50:00,1.019e-05,1.019e-05,1.019e-05,1.019e-05,38.0
2023-06-15 22:55:00,1.013e-05,1.013e-05,1.013e-05,1.013e-05,548.0
2023-06-15 23:00:00,1.013e-05,1.013e-05,1.013e-05,1.013e-05,0.0
2023-06-15 23:05:00,1.014e-05,1.014e-05,1.014e-05,1.014e-05,137.0
2023-06-15 23:10:00,1.014e-05,1.014e-05,1.014e-05,1.014e-05,137.0
2023-06-15 23:15:00,1.014e-05,1.014e-05,1.014e-05,1.014e-05,140.0
2023-06-15 23:20:00,1.014e-05,1.014e-05,1.014e-05,1.014e-05,0.0
2023-06-15 23:25:00,1.014e-05,1.014e-05,1.014e-05,1.014e-05,0.0
2023-06-15 23:30:00,1.014e-05,1.014e-05,1.014e-05,1.014e-05,0.0
2023-06-15 23:35:00,1.015e-05,1.015e-05,1.015e-05,1.015e-05,322.0
2023-06-15 23:40:00,1.015e-05,1.015e-05,1.015e-05,1.015e-05,0.0
2023-06-15 23:45:00,1.015e-05,1.015e-05,1.015e-05,1.015e-05,0.0
2023-06-15 23:50:00,1.015e-05,1.015e-05,1.015e-05,1.015e-05,0.0
2023-06-15 23:55:00,1.015e-05,1.015e-05,1.015e-05,1.015e-05,0.0
2023-06-16 00:00:00,1.016e-05,1.016e-05,1.016e-05,1.016e-05,280.0
2023-06-16 00:05:00,1.016e-05,1.016e-05,1.016e-05,1.016e-05,0.0
2023-06-16 00:10:00,1.014e-05,1.014e-05,1.014e-05,1.014e-05,140.0
2023-06-16 00:15:00,1.014e-05,1.014e-05,1.013e-05,1.013e-05,157.0
2023-06-16 00:20:00,1.015e-05,1.015e-05,1.015e-05,1.015e-05,469.0
2023-06-16 00:25:00,1.015e-05,1.015e-05,1.015e-05,1.015e-05,0.0
2023-06-16 00:30:00,1.015e-05,1.015e-05,1.015e-05,1.015e-05,0.0
2023-06-16 00:35:00,1.015e-05,1.015e-05,1.015e-05,1.015e-05,0.0
2023-06-16 00:40:00,1.014e-05,1.014e-05,1.013e-05,1.014e-05,5235.0
2023-06-16 00:45:00,1.014e-05,1.014e-05,1.013e-05,1.013e-05,280.0
2023-06-16 00:50:00,1.013e-05,1.013e-05,1.013e-05,1.013e-05,582.0
2023-06-16 00:55:00,1.013e-05,1.013e-05,1.013e-05,1.013e-05,66.0
2023-06-16 01:00:00,1.013e-05,1.013e-05,1.013e-05,1.013e-05,139.0
2023-06-16 01:05:00,1.013e-05,1.013e-05,1.013e-05,1.013e-05,0.0
2023-06-16 01:10:00,1.013e-05,1.013e-05,1.013e-05,1.013e-05,0.0
2023-06-16 01:15:00,1.014e-05,1.014e-05,1.014e-05,1.014e-05,83.0
2023-06-16 01:20:00,1.013e-05,1.013e-05,1.013e-05,1.013e-05,5159.0
2023-06-16 01:25:00,1.013e-05,1.013e-05,1.011e-05,1.011e-05,182.0
2023-06-16 01:30:00,1.013e-05,1.013e-05,1.013e-05,1.013e-05,140.0
2023-06-16 01:35:00,1.013e-05,1.013e-05,1.012e-05,1.012e-05,489.0
2023-06-16 01:40:00,1.012e-05,1.012e-05,1.011e-05,1.011e-05,601.0
2023-06-16 01:45:00,1.011e-05,1.011e-05,1.011e-05,1.011e-05,0.0
2023-06-16 01:50:00,1.015e-05,1.019e-05,1.01e-05,1.012e-05,269.0
2023-06-16 01:55:00,1.01e-05,1.01e-05,1.01e-05,1.01e-05,120.0
2023-06-16 02:00:00,1.01e-05,1.01e-05,1.01e-05,1.01e-05,0.0
2023-06-16 02:05:00,1.01e-05,1.01e-05,1.01e-05,1.01e-05,0.0
2023-06-16 02:10:00,1.01e-05,1.01e-05,1.01e-05,1.01e-05,0.0
2023-06-16 02:15:00,1.012e-05,1.012e-05,1.011e-05,1.011e-05,60.0
2023-06-16 02:20:00,1.018e-05,1.018e-05,1.018e-05,1.018e-05,109.0
2023-06-16 02:25:00,1.018e-05,1.018e-05,1.018e-05,1.018e-05,0.0
2023-06-16 02:30:00,1.018e-05,1.018e-05,1.018e-05,1.018e-05,0.0
2023-06-16 02:35:00,1.018e-05,1.018e-05,1.018e-05,1.018e-05,0.0
2023-06-16 02:40:00,1.018e-05,1.018e-05,1.018e-05,1.018e-05,0.0
2023-06-16 02:45:00,1.018e-05,1.018e-05,1.018e-05,1.018e-05,0.0
2023-06-16 02:50:00,1.011e-05,1.011e-05,1.011e-05,1.011e-05,140.0
2023-06-16 02:55:00,1.013e-05,1.013e-05,1.01e-05,1.01e-05,140.0
2023-06-16 03:00:00,1.01e-05,1.01e-05,1.01e-05,1.01e-05,0.0
2023-06-16 03:05:00,1.01e-05,1.01e-05,1.01e-05,1.01e-05,0.0
2023-06-16 03:10:00,1.01e-05,1.01e-05,1.01e-05,1.01e-05,0.0
2023-06-16 03:15:00,1.011e-05,1.011e-05,1.01e-05,1.01e-05,545.0
2023-06-16 03:20:00,1.01e-05,1.01e-05,1.01e-05,1.01e-05,0.0
2023-06-16 03:25:00,1.01e-05,1.01e-05,1.01e-05,1.01e-05,0.0
2023-06-16 03:30:00,1.01e-05,1.01e-05,1.01e-05,1.01e-05,0.0
2023-06-16 03:35:00,1.011e-05,1.011e-05,1.011e-05,1.011e-05,129.0
2023-06-16 03:40:00,1.011e-05,1.011e-05,1.011e-05,1.011e-05,0.0
2023-06-16 03:45:00,1.013e-05,1.013e-05,1.013e-05,1.013e-05,280.0
2023-06-16 03:50:00,1.013e-05,1.013e-05,1.013e-05,1.013e-05,140.0
2023-06-16 03:55:00,1.014e-05,1.014e-05,1.014e-05,1.014e-05,469.0
2023-06-16 04:00:00,1.014e-05,1.014e-05,1.014e-05,1.014e-05,0.0
2023-06-16 04:05:00,1.014e-05,1.014e-05,1.014e-05,1.014e-05,0.0
2023-06-16 04:10:00,1.014e-05,1.014e-05,1.014e-05,1.014e-05,0.0
2023-06-16 04:15:00,1.013e-05,1.013e-05,1.013e-05,1.013e-05,140.0
2023-06-16 04:20:00,1.014e-05,1.014e-05,1.014e-05,1.014e-05,1145.0
2023-06-16 04:25:00,1.014e-05,1.014e-05,1.014e-05,1.014e-05,0.0
2023-06-16 04:30:00,1.014e-05,1.014e-05,1.014e-05,1.014e-05,0.0
2023-06-16 04:35:00,1.014e-05,1.014e-05,1.014e-05,1.014e-05,5727.0
2023-06-16 04:40:00,1.014e-05,1.014e-05,1.014e-05,1.014e-05,0.0
2023-06-16 04:45:00,1.014e-05,1.014e-05,1.014e-05,1.014e-05,0.0
2023-06-16 04:50:00,1.014e-05,1.014e-05,1.014e-05,1.014e-05,0.0
2023-06-16 04:55:00,1.014e-05,1.014e-05,1.014e-05,1.014e-05,0.0
2023-06-16 05:00:00,1.014e-05,1.014e-05,1.014e-05,1.014e-05,0.0
2023-06-16 05:05:00,1.014e-05,1.014e-05,1.013e-05,1.014e-05,280.0
2023-06-16 05:10:00,1.014e-05,1.014e-05,1.014e-05,1.014e-05,140.0
2023-06-16 05:15:00,1.014e-05,1.014e-05,1.014e-05,1.014e-05,0.0
2023-06-16 05:20:00,1.014e-05,1.014e-05,1.014e-05,1.014e-05,0.0
2023-06-16 05:25:00,1.014e-05,1.014e-05,1.014e-05,1.014e-05,0.0
2023-06-16 05:30:00,1.014e-05,1.014e-05,1.012e-05,1.012e-05,547.0
2023-06-16 05:35:00,1.012e-05,1.012e-05,1.012e-05,1.012e-05,0.0
2023-06-16 05:40:00,1.012e-05,1.012e-05,1.012e-05,1.012e-05,0.0
2023-06-16 05:45:00,1.014e-05,1.015e-05,1.01e-05,1.01e-05,6435.0
2023-06-16 05:50:00,1.01e-05,1.01e-05,1.01e-05,1.01e-05,0.0
2023-06-16 05:55:00,1.012e-05,1.012e-05,1.012e-05,1.012e-05,47.0
2023-06-16 06:00:00,1.019e-05,1.019e-05,1.013e-05,1.013e-05,232.0
2023-06-16 06:05:00,1.013e-05,1.013e-05,1.013e-05,1.013e-05,0.0
2023-06-16 06:10:00,1.013e-05,1.013e-05,1.013e-05,1.013e-05,0.0
2023-06-16 06:15:00,1.013e-05,1.013e-05,1.013e-05,1.013e-05,0.0
2023-06-16 06:20:00,1.011e-05,1.011e-05,1.01e-05,1.011e-05,2217.0
2023-06-16 06:25:00,1.011e-05,1.011e-05,1.011e-05,1.011e-05,0.0
2023-06-16 06:30:00,1.011e-05,1.011e-05,1.01e-05,1.011e-05,3558.0
2023-06-16 06:35:00,1.01e-05,1.011e-05,1.01e-05,1.011e-05,260.0
2023-06-16 06:40:00,1.01e-05,1.01e-05,1.01e-05,1.01e-05,6793.0
2023-06-16 06:45:00,1.01e-05,1.01e-05,1.01e-05,1.01e-05,0.0
2023-06-16 06:50:00,1.01e-05,1.01e-05,1.01e-05,1.01e-05,0.0
2023-06-16 06:55:00,1.01e-05,1.01e-05,1.01e-05,1.01e-05,0.0
2023-06-16 07:00:00,1.01e-05,1.01e-05,1.01e-05,1.01e-05,0.0
2023-06-16 07:05:00,1.01e-05,1.01e-05,1.01e-05,1.01e-05,0.0
2023-06-16 07:10:00,1.01e-05,1.01e-05,1.01e-05,1.01e-05,0.0
2023-06-16 07:15:00,1.01e-05,1.01e-05,1.01e-05,1.01e-05,0.0
2023-06-16 07:20:00,1.01e-05,1.01e-05,1.01e-05,1.01e-05,0.0
2023-06-16 07:25:00,1.01e-05,1.01e-05,1.01e-05,1.01e-05,0.0
2023-06-16 07:30:00,1.01e-05,1.01e-05,1.01e-05,1.01e-05,0.0
2023-06-16 07:35:00,1.01e-05,1.01e-05,1.01e-05,1.01e-05,0.0
2023-06-16 07:40:00,1.011e-05,1.011e-05,1.011e-05,1.011e-05,140.0
2023-06-16 07:45:00,1.011e-05,1.011e-05,1.011e-05,1.011e-05,0.0
2023-06-16 07:50:00,1.011e-05,1.011e-05,1.011e-05,1.011e-05,0.0
2023-06-16 07:55:00,1.011e-05,1.011e-05,1.011e-05,1.011e-05,0.0
2023-06-16 08:00:00,1.011e-05,1.011e-05,1.011e-05,1.011e-05,0.0
2023-06-16 08:05:00,1.011e-05,1.011e-05,1.011e-05,1.011e-05,0.0
2023-06-16 08:10:00,1.011e-05,1.011e-05,1.011e-05,1.011e-05,140.0
2023-06-16 08:15:00,1.011e-05,1.011e-05,1.011e-05,1.011e-05,0.0
2023-06-16 08:20:00,1.011e-05,1.011e-05,1.011e-05,1.011e-05,0.0
2023-06-16 08:25:00,1.011e-05,1.011e-05,1.011e-05,1.011e-05,0.0
2023-06-16 08:30:00,1.011e-05,1.011e-05,1.011e-05,1.011e-05,140.0
2023-06-16 08:35:00,1.012e-05,1.013e-05,1.012e-05,1.013e-05,389.0
2023-06-16 08:40:00,1.013e-05,1.013e-05,1.013e-05,1.013e-05,0.0
2023-06-16 08:45:00,1.013e-05,1.013e-05,1.013e-05,1.013e-05,0.0
2023-06-16 08:50:00,1.013e-05,1.013e-05,1.013e-05,1.013e-05,0.0
2023-06-16 08:55:00,1.013e-05,1.013e-05,1.013e-05,1.013e-05,0.0
2023-06-16 09:00:00,1.013e-05,1.013e-05,1.013e-05,1.013e-05,39.0
2023-06-16 09:05:00,1.013e-05,1.013e-05,1.013e-05,1.013e-05,140.0
2023-06-16 09:10:00,1.013e-05,1.013e-05,1.013e-05,1.013e-05,140.0
2023-06-16 09:15:00,1.013e-05,1.013e-05,1.013e-05,1.013e-05,0.0
2023-06-16 09:20:00,1.013e-05,1.013e-05,1.013e-05,1.013e-05,0.0
2023-06-16 09:25:00,1.013e-05,1.013e-05,1.013e-05,1.013e-05,0.0
2023-06-16 09:30:00,1.013e-05,1.013e-05,1.013e-05,1.013e-05,0.0
2023-06-16 09:35:00,1.013e-05,1.013e-05,1.013e-05,1.013e-05,0.0
2023-06-16 09:40:00,1.013e-05,1.013e-05,1.013e-05,1.013e-05,0.0
2023-06-16 09:45:00,1.013e-05,1.013e-05,1.013e-05,1.013e-05,0.0
2023-06-16 09:50:00,1.012e-05,1.012e-05,1.012e-05,1.012e-05,215.0
2023-06-16 09:55:00,1.012e-05,1.012e-05,1.012e-05,1.012e-05,0.0
2023-06-16 10:00:00,1.012e-05,1.012e-05,1.012e-05,1.012e-05,0.0
2023-06-16 10:05:00,1.012e-05,1.012e-05,1.012e-05,1.012e-05,0.0
2023-06-16 10:10:00,1.012e-05,1.012e-05,1.01e-05,1.01e-05,1828.0
2023-06-16 10:15:00,1.012e-05,1.012e-05,1.007e-05,1.01e-05,29631.0
2023-06-16 10:20:00,1.007e-05,1.008e-05,1.007e-05,1.007e-05,4211.0
2023-06-16 10:25:00,1.009e-05,1.009e-05,1.007e-05,1.007e-05,757.0
2023-06-16 10:30:00,1.007e-05,1.008e-05,1.006e-05,1.006e-05,16659.0
2023-06-16 10:35:00,1.006e-05,1.006e-05,1.006e-05,1.006e-05,0.0
2023-06-16 10:40:00,1.008e-05,1.008e-05,1.004e-05,1.004e-05,10610.0
2023-06-16 10:45:00,1.004e-05,1.004e-05,1.004e-05,1.004e-05,0.0
2023-06-16 10:50:00,1.007e-05,1.007e-05,1.007e-05,1.007e-05,140.0
2023-06-16 10:55:00,1.007e-05,1.007e-05,1.007e-05,1.007e-05,0.0
2023-06-16 11:00:00,1.007e-05,1.007e-05,1.007e-05,1.007e-05,0.0
2023-06-16 11:05:00,1.006e-05,1.007e-05,1.005e-05,1.005e-05,1001.0
2023-06-16 11:10:00,1.005e-05,1.005e-05,1.005e-05,1.005e-05,0.0
2023-06-16 11:15:00,1.005e-05,1.005e-05,1.004e-05,1.004e-05,799.0
2023-06-16 11:20:00,1.004e-05,1.004e-05,1.004e-05,1.004e-05,43464.0
2023-06-16 11:25:00,1.004e-05,1.005e-05,1.004e-05,1.004e-05,6166.0
2023-06-16 11:30:00,1.004e-05,1.004e-05,1.004e-05,1.004e-05,0.0
2023-06-16 11:35:00,1.003e-05,1.004e-05,1.002e-05,1.004e-05,642.0
2023-06-16 11:40:00,1.001e-05,1.003e-05,1.001e-05,1.002e-05,336.0
2023-06-16 11:45:00,1.002e-05,1.002e-05,1.002e-05,1.002e-05,280.0
2023-06-16 11:50:00,1.002e-05,1.002e-05,1.002e-05,1.002e-05,0.0
2023-06-16 11:55:00,1.002e-05,1.002e-05,1.001e-05,1.001e-05,356.0
2023-06-16 12:00:00,1.001e-05,1.001e-05,1.001e-05,1.001e-05,3691.0
2023-06-16 12:05:00,1.001e-05,1.003e-05,1.001e-05,1.003e-05,3302.0
2023-06-16 12:10:00,1.001e-05,1.001e-05,1.001e-05,1.001e-05,106.0
2023-06-16 12:15:00,1.002e-05,1.002e-05,1.002e-05,1.002e-05,140.0
2023-06-16 12:20:00,1.001e-05,1.002e-05,1.001e-05,1.002e-05,175.0
2023-06-16 12:25:00,1.002e-05,1.002e-05,1.002e-05,1.002e-05,0.0
2023-06-16 12:30:00,1.002e-05,1.002e-05,1.002e-05,1.002e-05,0.0
2023-06-16 12:35:00,1.002e-05,1.002e-05,1.002e-05,1.002e-05,140.0
2023-06-16 12:40:00,1.002e-05,1.002e-05,1.002e-05,1.002e-05,0.0
2023-06-16 12:45:00,1.002e-05,1.002e-05,1.002e-05,1.002e-05,0.0
2023-06-16 12:50:00,1.002e-05,1.002e-05,1.002e-05,1.002e-05,0.0
2023-06-16 12:55:00,1.002e-05,1.002e-05,1.002e-05,1.002e-05,0.0
2023-06-16 13:00:00,1.001e-05,1.001e-05,1.001e-05,1.001e-05,1784.0
2023-06-16 13:05:00,1.001e-05,1.001e-05,1.001e-05,1.001e-05,0.0
2023-06-16 13:10:00,1.001e-05,1.001e-05,1.001e-05,1.001e-05,2102.0
2023-06-16 13:15:00,1.001e-05,1.001e-05,1.001e-05,1.001e-05,0.0
2023-06-16 13:20:00,1.003e-05,1.003e-05,1.003e-05,1.003e-05,420.0
2023-06-16 13:25:00,1.002e-05,1.002e-05,1.002e-05,1.002e-05,469.0
2023-06-16 13:30:00,1.002e-05,1.002e-05,1.002e-05,1.002e-05,0.0
2023-06-16 13:35:00,1.002e-05,1.002e-05,1.002e-05,1.002e-05,0.0
2023-06-16 13:40:00,1.002e-05,1.002e-05,1.002e-05,1.002e-05,0.0
2023-06-16 13:45:00,1.003e-05,1.003e-05,1.001e-05,1.001e-05,299.0
2023-06-16 13:50:00,1.001e-05,1.001e-05,1.001e-05,1.001e-05,0.0
2023-06-16 13:55:00,1.002e-05,1.003e-05,1.002e-05,1.003e-05,342.0
2023-06-16 14:00:00,1.003e-05,1.003e-05,1.003e-05,1.003e-05,0.0
2023-06-16 14:05:00,1.003e-05,1.003e-05,1.003e-05,1.003e-05,0.0
2023-06-16 14:10:00,1.003e-05,1.003e-05,1.003e-05,1.003e-05,0.0
2023-06-16 14:15:00,1.003e-05,1.003e-05,1.003e-05,1.003e-05,0.0
2023-06-16 14:20:00,1.002e-05,1.002e-05,1.002e-05,1.002e-05,140.0
2023-06-16 14:25:00,1.002e-05,1.002e-05,1.002e-05,1.002e-05,0.0
2023-06-16 14:30:00,1.002e-05,1.002e-05,1.001e-05,1.001e-05,2920.0
2023-06-16 14:35:00,1.001e-05,1.001e-05,1.001e-05,1.001e-05,0.0
2023-06-16 14:40:00,1.001e-05,1.001e-05,1.001e-05,1.001e-05,0.0
2023-06-16 14:45:00,1.004e-05,1.008e-05,1.003e-05,1.003e-05,5414.0
2023-06-16 14:50:00,1.003e-05,1.003e-05,1.003e-05,1.003e-05,0.0
2023-06-16 14:55:00,1.003e-05,1.003e-05,1.001e-05,1.002e-05,13243.0
2023-06-16 15:00:00,1.001e-05,1.003e-05,1.001e-05,1.003e-05,4482.0
2023-06-16 15:05:00,1.003e-05,1.003e-05,1.003e-05,1.003e-05,0.0
2023-06-16 15:10:00,1.002e-05,1.002e-05,1.002e-05,1.002e-05,280.0
2023-06-16 15:15:00,1.003e-05,1.004e-05,1.002e-05,1.004e-05,1131.0
2023-06-16 15:20:00,1.002e-05,1.002e-05,1.002e-05,1.002e-05,15.0
2023-06-16 15:25:00,1.002e-05,1.003e-05,1.002e-05,1.003e-05,489.0
2023-06-16 15:30:00,1.004e-05,1.004e-05,1.004e-05,1.004e-05,280.0
2023-06-16 15:35:00,1.004e-05,1.004e-05,1.004e-05,1.004e-05,140.0
2023-06-16 15:40:00,1.005e-05,1.005e-05,1.004e-05,1.004e-05,529.0
2023-06-16 15:45:00,1.004e-05,1.004e-05,1.004e-05,1.004e-05,0.0
2023-06-16 15:50:00,1.004e-05,1.004e-05,1.004e-05,1.004e-05,0.0
2023-06-16 15:55:00,1.004e-05,1.004e-05,1.001e-05,1.001e-05,18052.0
2023-06-16 16:00:00,1.001e-05,1.002e-05,9.98e-06,9.98e-06,67562.0
2023-06-16 16:05:00,9.98e-06,9.98e-06,9.98e-06,9.98e-06,136.0
2023-06-16 16:10:00,9.98e-06,9.98e-06,9.98e-06,9.98e-06,0.0
2023-06-16 16:15:00,9.98e-06,9.98e-06,9.98e-06,9.98e-06,0.0
2023-06-16 16:20:00,9.98e-06,9.98e-06,9.98e-06,9.98e-06,0.0
2023-06-16 16:25:00,9.98e-06,9.98e-06,9.98e-06,9.98e-06,0.0
2023-06-16 16:30:00,1.001e-05,1.001e-05,1.001e-05,1.001e-05,140.0
2023-06-16 16:35:00,1.002e-05,1.002e-05,1e-05,1e-05,140.0
2023-06-16 16:40:00,1e-05,1e-05,1e-05,1e-05,0.0
2023-06-16 16:45:00,1.002e-05,1.004e-05,1.001e-05,1.001e-05,1060.0
2023-06-16 16:50:00,1e-05,1e-05,1e-05,1e-05,152.0
2023-06-16 16:55:00,1e-05,1e-05,9.97e-06,9.97e-06,1291.0
2023-06-16 17:00:00,9.98e-06,9.98e-06,9.97e-06,9.97e-06,300.0
2023-06-16 17:05:00,9.96e-06,9.97e-06,9.96e-06,9.96e-06,415.0
2023-06-16 17:10:00,9.96e-06,9.97e-06,9.96e-06,9.97e-06,425.0
2023-06-16 17:15:00,9.96e-06,9.96e-06,9.95e-06,9.95e-06,761.0
2023-06-16 17:20:00,9.95e-06,9.95e-06,9.95e-06,9.95e-06,29256.0
2023-06-16 17:25:00,9.95e-06,9.96e-06,9.95e-06,9.96e-06,1974.0
2023-06-16 17:30:00,9.95e-06,9.95e-06,9.95e-06,9.95e-06,6545.0
2023-06-16 17:35:00,9.95e-06,9.95e-06,9.95e-06,9.95e-06,0.0
2023-06-16 17:40:00,9.95e-06,9.95e-06,9.95e-06,9.95e-06,0.0
2023-06-16 17:45:00,9.95e-06,9.96e-06,9.95e-06,9.96e-06,3001.0
2023-06-16 17:50:00,9.95e-06,9.95e-06,9.95e-06,9.95e-06,3828.0
2023-06-16 17:55:00,9.95e-06,9.95e-06,9.95e-06,9.95e-06,2083.0
2023-06-16 18:00:00,9.95e-06,9.99e-06,9.95e-06,9.95e-06,7442.0
2023-06-16 18:05:00,9.95e-06,9.98e-06,9.95e-06,9.96e-06,573.0
2023-06-16 18:10:00,9.96e-06,9.97e-06,9.96e-06,9.97e-06,365.0
2023-06-16 18:15:00,9.97e-06,9.97e-06,9.97e-06,9.97e-06,246.0
2023-06-16 18:20:00,9.97e-06,9.97e-06,9.97e-06,9.97e-06,275.0
2023-06-16 18:25:00,9.97e-06,9.98e-06,9.97e-06,9.98e-06,410.0
2023-06-16 18:30:00,1e-05,1e-05,9.98e-06,9.99e-06,562.0
2023-06-16 18:35:00,9.99e-06,9.99e-06,9.99e-06,9.99e-06,0.0
2023-06-16 18:40:00,9.99e-06,9.99e-06,9.99e-06,9.99e-06,0.0
2023-06-16 18:45:00,9.96e-06,9.97e-06,9.96e-06,9.97e-06,270.0
2023-06-16 18:50:00,9.97e-06,9.97e-06,9.97e-06,9.97e-06,0.0
2023-06-16 18:55:00,9.97e-06,9.97e-06,9.97e-06,9.97e-06,0.0
2023-06-16 19:00:00,9.96e-06,9.96e-06,9.96e-06,9.96e-06,460.0
2023-06-16 19:05:00,9.96e-06,1e-05,9.96e-06,1e-05,275.0
2023-06-16 19:10:00,9.98e-06,9.98e-06,9.98e-06,9.98e-06,501.0
2023-06-16 19:15:00,9.98e-06,9.98e-06,9.98e-06,9.98e-06,0.0
2023-06-16 19:20:00,9.98e-06,9.98e-06,9.98e-06,9.98e-06,0.0
2023-06-16 19:25:00,9.98e-06,9.98e-06,9.98e-06,9.98e-06,0.0
2023-06-16 19:30:00,9.96e-06,9.96e-06,9.96e-06,9.96e-06,105.0
2023-06-16 19:35:00,1e-05,1e-05,9.96e-06,9.96e-06,637.0
2023-06-16 19:40:00,9.96e-06,9.96e-06,9.96e-06,9.96e-06,0.0
2023-06-16 19:45:00,9.96e-06,9.96e-06,9.96e-06,9.96e-06,0.0
2023-06-16 19:50:00,9.96e-06,9.96e-06,9.96e-06,9.96e-06,0.0
2023-06-16 19:55:00,9.96e-06,9.96e-06,9.96e-06,9.96e-06,0.0
2023-06-16 20:00:00,9.96e-06,9.96e-06,9.96e-06,9.96e-06,140.0
2023-06-16 20:05:00,9.97e-06,9.97e-06,9.97e-06,9.97e-06,280.0
2023-06-16 20:10:00,9.97e-06,9.97e-06,9.97e-06,9.97e-06,673.0
2023-06-16 20:15:00,9.97e-06,9.97e-06,9.97e-06,9.97e-06,0.0
2023-06-16 20:20:00,9.98e-06,9.98e-06,9.98e-06,9.98e-06,468.0
2023-06-16 20:25:00,9.98e-06,9.98e-06,9.98e-06,9.98e-06,0.0
2023-06-16 20:30:00,9.99e-06,9.99e-06,9.99e-06,9.99e-06,140.0
2023-06-16 20:35:00,9.99e-06,9.99e-06,9.99e-06,9.99e-06,0.0
2023-06-16 20:40:00,9.98e-06,9.98e-06,9.98e-06,9.98e-06,618.0
2023-06-16 20:45:00,9.98e-06,9.98e-06,9.98e-06,9.98e-06,0.0
2023-06-16 20:50:00,9.98e-06,9.98e-06,9.98e-06,9.98e-06,0.0
2023-06-16 20:55:00,9.98e-06,9.98e-06,9.98e-06,9.98e-06,0.0
2023-06-16 21:00:00,9.99e-06,9.99e-06,9.98e-06,9.99e-06,281.0
2023-06-16 21:05:00,9.99e-06,9.99e-06,9.99e-06,9.99e-06,134.0
2023-06-16 21:10:00,9.99e-06,9.99e-06,9.99e-06,9.99e-06,0.0
2023-06-16 21:15:00,9.99e-06,9.99e-06,9.99e-06,9.99e-06,134.0
2023-06-16 21:20:00,9.99e-06,9.99e-06,9.99e-06,9.99e-06,0.0
2023-06-16 21:25:00,9.99e-06,9.99e-06,9.99e-06,9.99e-06,0.0
2023-06-16 21:30:00,9.99e-06,9.99e-06,9.99e-06,9.99e-06,300.0
2023-06-16 21:35:00,9.98e-06,9.98e-06,9.98e-06,9.98e-06,140.0
2023-06-16 21:40:00,9.98e-06,9.98e-06,9.98e-06,9.98e-06,0.0
2023-06-16 21:45:00,9.98e-06,9.98e-06,9.98e-06,9.98e-06,0.0
2023-06-16 21:50:00,9.98e-06,9.98e-06,9.98e-06,9.98e-06,0.0
2023-06-16 21:55:00,9.98e-06,9.98e-06,9.98e-06,9.98e-06,0.0
2023-06-16 22:00:00,9.97e-06,9.98e-06,9.97e-06,9.97e-06,556.0
2023-06-16 22:05:00,1.001e-05,1.001e-05,1.001e-05,1.001e-05,77.0
2023-06-16 22:10:00,1.001e-05,1.001e-05,1.001e-05,1.001e-05,0.0
2023-06-16 22:15:00,1.001e-05,1.001e-05,1.001e-05,1.001e-05,0.0
2023-06-16 22:20:00,9.96e-06,1e-05,9.96e-06,9.97e-06,1862.0
2023-06-16 22:25:00,9.96e-06,9.96e-06,9.96e-06,9.96e-06,140.0
2023-06-16 22:30:00,9.96e-06,9.96e-06,9.96e-06,9.96e-06,140.0
2023-06-16 22:35:00,9.96e-06,9.96e-06,9.96e-06,9.96e-06,140.0
2023-06-16 22:40:00,9.96e-06,9.96e-06,9.96e-06,9.96e-06,0.0
2023-06-16 22:45:00,9.96e-06,9.96e-06,9.96e-06,9.96e-06,0.0
2023-06-16 22:50:00,9.96e-06,9.96e-06,9.96e-06,9.96e-06,0.0
2023-06-16 22:55:00,9.96e-06,9.96e-06,9.96e-06,9.96e-06,0.0
2023-06-16 23:00:00,9.96e-06,9.96e-06,9.96e-06,9.96e-06,0.0
2023-06-16 23:05:00,9.96e-06,9.96e-06,9.96e-06,9.96e-06,0.0
2023-06-16 23:10:00,9.96e-06,9.96e-06,9.96e-06,9.96e-06,0.0
2023-06-16 23:15:00,9.96e-06,9.96e-06,9.96e-06,9.96e-06,0.0
2023-06-16 23:20:00,9.96e-06,9.96e-06,9.96e-06,9.96e-06,0.0
2023-06-16 23:25:00,9.96e-06,9.96e-06,9.96e-06,9.96e-06,0.0
2023-06-16 23:30:00,9.96e-06,9.96e-06,9.96e-06,9.96e-06,140.0
2023-06-16 23:35:00,9.96e-06,9.96e-06,9.96e-06,9.96e-06,0.0
2023-06-16 23:40:00,9.96e-06,9.96e-06,9.96e-06,9.96e-06,0.0
2023-06-16 23:45:00,9.96e-06,9.96e-06,9.96e-06,9.96e-06,0.0
2023-06-16 23:50:00,9.96e-06,9.96e-06,9.96e-06,9.96e-06,0.0
2023-06-16 23:55:00,9.96e-06,9.96e-06,9.96e-06,9.96e-06,0.0
2023-06-17 00:00:00,9.95e-06,9.95e-06,9.92e-06,9.94e-06,893.0
2023-06-17 00:05:00,9.95e-06,9.95e-06,9.94e-06,9.94e-06,160.0
2023-06-17 00:10:00,9.93e-06,9.94e-06,9.92e-06,9.92e-06,34866.0
2023-06-17 00:15:00,9.92e-06,9.92e-06,9.9e-06,9.92e-06,11326.0
2023-06-17 00:20:00,9.92e-06,9.92e-06,9.92e-06,9.92e-06,160.0
2023-06-17 00:25:00,9.9e-06,9.92e-06,9.9e-06,9.92e-06,819.0
2023-06-17 00:30:00,9.92e-06,9.92e-06,9.92e-06,9.92e-06,0.0
2023-06-17 00:35:00,9.92e-06,9.92e-06,9.92e-06,9.92e-06,140.0
2023-06-17 00:40:00,9.91e-06,9.91e-06,9.91e-06,9.91e-06,140.0
2023-06-17 00:45:00,9.91e-06,9.91e-06,9.91e-06,9.91e-06,20.0
2023-06-17 00:50:00,9.89e-06,9.89e-06,9.89e-06,9.89e-06,120.0
2023-06-17 00:55:00,9.89e-06,9.89e-06,9.89e-06,9.89e-06,0.0
2023-06-17 01:00:00,9.89e-06,9.89e-06,9.89e-06,9.89e-06,0.0
2023-06-17 01:05:00,9.9e-06,9.94e-06,9.9e-06,9.94e-06,778.0
2023-06-17 01:10:00,9.94e-06,9.94e-06,9.94e-06,9.94e-06,0.0
2023-06-17 01:15:00,9.94e-06,9.94e-06,9.94e-06,9.94e-06,0.0
2023-06-17 01:20:00,9.94e-06,9.94e-06,9.94e-06,9.94e-06,0.0
2023-06-17 01:25:00,9.91e-06,9.92e-06,9.91e-06,9.92e-06,1288.0
2023-06-17 01:30:00,9.91e-06,9.91e-06,9.91e-06,9.91e-06,3659.0
2023-06-17 01:35:00,9.91e-06,9.91e-06,9.91e-06,9.91e-06,0.0
2023-06-17 01:40:00,9.91e-06,9.91e-06,9.91e-06,9.91e-06,0.0
2023-06-17 01:45:00,9.92e-06,9.93e-06,9.92e-06,9.93e-06,1090.0
2023-06-17 01:50:00,9.91e-06,9.91e-06,9.91e-06,9.91e-06,33.0
2023-06-17 01:55:00,9.93e-06,9.94e-06,9.91e-06,9.94e-06,420.0
2023-06-17 02:00:00,9.94e-06,9.94e-06,9.94e-06,9.94e-06,280.0
2023-06-17 02:05:00,9.94e-06,9.95e-06,9.94e-06,9.95e-06,178.0
2023-06-17 02:10:00,9.98e-06,9.98e-06,9.93e-06,9.93e-06,442.0
2023-06-17 02:15:00,9.93e-06,9.93e-06,9.93e-06,9.93e-06,0.0
2023-06-17 02:20:00,9.98e-06,9.98e-06,9.98e-06,9.98e-06,43.0
2023-06-17 02:25:00,9.98e-06,9.98e-06,9.98e-06,9.98e-06,0.0
2023-06-17 02:30:00,9.98e-06,9.98e-06,9.98e-06,9.98e-06,0.0
2023-06-17 02:35:00,9.98e-06,9.98e-06,9.98e-06,9.98e-06,0.0
2023-06-17 02:40:00,9.98e-06,9.98e-06,9.98e-06,9.98e-06,0.0
2023-06-17 02:45:00,9.98e-06,9.98e-06,9.98e-06,9.98e-06,0.0
2023-06-17 02:50:00,9.98e-06,9.98e-06,9.98e-06,9.98e-06,0.0
2023-06-17 02:55:00,9.98e-06,9.98e-06,9.98e-06,9.98e-06,0.0
2023-06-17 03:00:00,9.98e-06,9.98e-06,9.98e-06,9.98e-06,0.0
2023-06-17 03:05:00,9.98e-06,9.98e-06,9.98e-06,9.98e-06,0.0
2023-06-17 03:10:00,9.94e-06,9.94e-06,9.94e-06,9.94e-06,140.0
2023-06-17 03:15:00,9.94e-06,9.94e-06,9.94e-06,9.94e-06,140.0
2023-06-17 03:20:00,9.94e-06,9.94e-06,9.94e-06,9.94e-06,0.0
2023-06-17 03:25:00,9.94e-06,9.94e-06,9.94e-06,9.94e-06,80.0
2023-06-17 03:30:00,9.93e-06,9.93e-06,9.93e-06,9.93e-06,60.0
2023-06-17 03:35:00,9.93e-06,9.93e-06,9.93e-06,9.93e-06,0.0
2023-06-17 03:40:00,9.94e-06,9.94e-06,9.94e-06,9.94e-06,140.0
2023-06-17 03:45:00,9.94e-06,9.94e-06,9.94e-06,9.94e-06,0.0
2023-06-17 03:50:00,9.94e-06,9.94e-06,9.94e-06,9.94e-06,0.0
2023-06-17 03:55:00,9.94e-06,9.94e-06,9.94e-06,9.94e-06,0.0
2023-06-17 04:00:00,9.94e-06,9.94e-06,9.94e-06,9.94e-06,0.0
2023-06-17 04:05:00,9.94e-06,9.94e-06,9.94e-06,9.94e-06,0.0
2023-06-17 04:10:00,9.94e-06,9.94e-06,9.94e-06,9.94e-06,0.0
2023-06-17 04:15:00,9.94e-06,9.94e-06,9.94e-06,9.94e-06,0.0
2023-06-17 04:20:00,9.93e-06,9.93e-06,9.93e-06,9.93e-06,167.0
2023-06-17 04:25:00,9.93e-06,9.94e-06,9.91e-06,9.93e-06,428.0
2023-06-17 04:30:00,9.92e-06,9.92e-06,9.92e-06,9.92e-06,280.0
2023-06-17 04:35:00,9.92e-06,9.92e-06,9.92e-06,9.92e-06,0.0
2023-06-17 04:40:00,9.92e-06,9.92e-06,9.92e-06,9.92e-06,0.0
2023-06-17 04:45:00,9.92e-06,9.92e-06,9.92e-06,9.92e-06,0.0
2023-06-17 04:50:00,9.92e-06,9.92e-06,9.92e-06,9.92e-06,0.0
2023-06-17 04:55:00,9.92e-06,9.92e-06,9.92e-06,9.92e-06,0.0
2023-06-17 05:00:00,9.92e-06,9.92e-06,9.92e-06,9.92e-06,0.0
2023-06-17 05:05:00,9.92e-06,9.92e-06,9.92e-06,9.92e-06,1460.0
2023-06-17 05:10:00,9.91e-06,9.92e-06,9.9e-06,9.9e-06,1164.0
2023-06-17 05:15:00,9.9e-06,9.9e-06,9.9e-06,9.9e-06,0.0
2023-06-17 05:20:00,9.9e-06,9.9e-06,9.9e-06,9.9e-06,0.0
2023-06-17 05:25:00,9.9e-06,9.9e-06,9.9e-06,9.9e-06,0.0
2023-06-17 05:30:00,9.91e-06,9.92e-06,9.9e-06,9.92e-06,1958.0
2023-06-17 05:35:00,9.91e-06,9.91e-06,9.91e-06,9.91e-06,46.0
2023-06-17 05:40:00,9.94e-06,9.94e-06,9.91e-06,9.91e-06,616.0
2023-06-17 05:45:00,9.92e-06,9.92e-06,9.89e-06,9.9e-06,23543.0
2023-06-17 05:50:00,9.9e-06,9.91e-06,9.89e-06,9.91e-06,423.0
2023-06-17 05:55:00,9.92e-06,9.92e-06,9.92e-06,9.92e-06,340.0
2023-06-17 06:00:00,9.91e-06,9.92e-06,9.91e-06,9.91e-06,1350.0
2023-06-17 06:05:00,9.91e-06,9.95e-06,9.91e-06,9.95e-06,1024.0
2023-06-17 06:10:00,9.95e-06,9.95e-06,9.93e-06,9.94e-06,444.0
2023-06-17 06:15:00,9.93e-06,9.93e-06,9.9e-06,9.93e-06,2323.0
2023-06-17 06:20:00,9.91e-06,9.92e-06,9.89e-06,9.91e-06,24837.0
2023-06-17 06:25:00,9.9e-06,9.9e-06,9.87e-06,9.9e-06,5431.0
2023-06-17 06:30:00,9.9e-06,9.9e-06,9.9e-06,9.9e-06,491.0
2023-06-17 06:35:00,9.9e-06,9.9e-06,9.9e-06,9.9e-06,0.0
2023-06-17 06:40:00,9.9e-06,9.91e-06,9.9e-06,9.91e-06,121.0
2023-06-17 06:45:00,9.89e-06,9.89e-06,9.83e-06,9.88e-06,37194.0
2023-06-17 06:50:00,9.86e-06,9.95e-06,9.86e-06,9.91e-06,7277.0
2023-06-17 06:55:00,9.91e-06,9.91e-06,9.91e-06,9.91e-06,349.0
2023-06-17 07:00:00,9.91e-06,9.91e-06,9.91e-06,9.91e-06,244.0
2023-06-17 07:05:00,9.91e-06,9.91e-06,9.91e-06,9.91e-06,0.0
2023-06-17 07:10:00,9.91e-06,9.91e-06,9.91e-06,9.91e-06,0.0
2023-06-17 07:15:00,9.91e-06,9.92e-06,9.91e-06,9.92e-06,422.0
2023-06-17 07:20:00,9.92e-06,9.92e-06,9.92e-06,9.92e-06,140.0
2023-06-17 07:25:00,9.92e-06,9.92e-06,9.92e-06,9.92e-06,0.0
2023-06-17 07:30:00,9.92e-06,9.92e-06,9.92e-06,9.92e-06,140.0
2023-06-17 07:35:00,9.92e-06,9.93e-06,9.92e-06,9.93e-06,420.0
2023-06-17 07:40:00,9.93e-06,9.93e-06,9.93e-06,9.93e-06,0.0
2023-06-17 07:45:00,9.93e-06,9.93e-06,9.93e-06,9.93e-06,0.0
2023-06-17 07:50:00,9.93e-06,9.94e-06,9.93e-06,9.94e-06,357.0
2023-06-17 07:55:00,9.94e-06,9.94e-06,9.94e-06,9.94e-06,0.0
2023-06-17 08:00:00,9.93e-06,9.93e-06,9.93e-06,9.93e-06,140.0
2023-06-17 08:05:00,9.93e-06,9.93e-06,9.93e-06,9.93e-06,0.0
2023-06-17 08:10:00,9.93e-06,9.93e-06,9.93e-06,9.93e-06,0.0
2023-06-17 08:15:00,9.92e-06,9.92e-06,9.91e-06,9.91e-06,685.0
2023-06-17 08:20:00,9.92e-06,9.93e-06,9.91e-06,9.93e-06,1880.0
2023-06-17 08:25:00,9.93e-06,9.93e-06,9.93e-06,9.93e-06,15.0
2023-06-17 08:30:00,9.93e-06,9.93e-06,9.93e-06,9.93e-06,0.0
2023-06-17 08:35:00,9.94e-06,9.94e-06,9.94e-06,9.94e-06,364.0
2023-06-17 08:40:00,9.94e-06,9.95e-06,9.94e-06,9.95e-06,497.0
2023-06-17 08:45:00,9.95e-06,9.95e-06,9.95e-06,9.95e-06,0.0
2023-06-17 08:50:00,9.95e-06,9.95e-06,9.95e-06,9.95e-06,0.0
2023-06-17 08:55:00,9.95e-06,9.95e-06,9.95e-06,9.95e-06,0.0
2023-06-17 09:00:00,9.95e-06,9.95e-06,9.95e-06,9.95e-06,0.0
2023-06-17 09:05:00,9.95e-06,9.95e-06,9.95e-06,9.95e-06,0.0
2023-06-17 09:10:00,9.95e-06,9.95e-06,9.95e-06,9.95e-06,0.0
2023-06-17 09:15:00,9.95e-06,9.95e-06,9.95e-06,9.95e-06,140.0
2023-06-17 09:20:00,9.95e-06,9.95e-06,9.95e-06,9.95e-06,0.0
2023-06-17 09:25:00,9.95e-06,9.95e-06,9.95e-06,9.95e-06,0.0
2023-06-17 09:30:00,9.95e-06,9.95e-06,9.95e-06,9.95e-06,0.0
2023-06-17 09:35:00,9.95e-06,9.95e-06,9.95e-06,9.95e-06,0.0
2023-06-17 09:40:00,9.95e-06,9.95e-06,9.95e-06,9.95e-06,0.0
2023-06-17 09:45:00,9.95e-06,9.95e-06,9.95e-06,9.95e-06,0.0
2023-06-17 09:50:00,9.95e-06,9.95e-06,9.95e-06,9.95e-06,0.0
2023-06-17 09:55:00,9.95e-06,9.95e-06,9.95e-06,9.95e-06,0.0
2023-06-17 10:00:00,9.95e-06,9.95e-06,9.95e-06,9.95e-06,0.0
2023-06-17 10:05:00,9.95e-06,9.95e-06,9.95e-06,9.95e-06,0.0
2023-06-17 10:10:00,9.94e-06,9.94e-06,9.91e-06,9.92e-06,1704.0
2023-06-17 10:15:00,9.91e-06,9.91e-06,9.88e-06,9.89e-06,5873.0
2023-06-17 10:20:00,9.88e-06,9.88e-06,9.87e-06,9.87e-06,3853.0
2023-06-17 10:25:00,9.87e-06,9.92e-06,9.87e-06,9.92e-06,354.0
2023-06-17 10:30:00,9.87e-06,9.92e-06,9.87e-06,9.92e-06,147.0
2023-06-17 10:35:00,9.87e-06,9.87e-06,9.86e-06,9.87e-06,690.0
2023-06-17 10:40:00,9.86e-06,9.86e-06,9.85e-06,9.85e-06,120.0
2023-06-17 10:45:00,9.85e-06,9.85e-06,9.85e-06,9.85e-06,0.0
2023-06-17 10:50:00,9.86e-06,9.86e-06,9.86e-06,9.86e-06,140.0
2023-06-17 10:55:00,9.86e-06,9.86e-06,9.86e-06,9.86e-06,0.0
2023-06-17 11:00:00,9.86e-06,9.86e-06,9.86e-06,9.86e-06,0.0
2023-06-17 11:05:00,9.86e-06,9.86e-06,9.86e-06,9.86e-06,0.0
2023-06-17 11:10:00,9.86e-06,9.86e-06,9.86e-06,9.86e-06,0.0
2023-06-17 11:15:00,9.86e-06,9.86e-06,9.86e-06,9.86e-06,0.0
2023-06-17 11:20:00,9.87e-06,9.88e-06,9.87e-06,9.88e-06,661.0
2023-06-17 11:25:00,9.87e-06,9.87e-06,9.87e-06,9.87e-06,20.0
2023-06-17 11:30:00,9.9e-06,9.9e-06,9.87e-06,9.87e-06,251.0
2023-06-17 11:35:00,9.87e-06,9.88e-06,9.86e-06,9.86e-06,280.0
2023-06-17 11:40:00,9.88e-06,9.88e-06,9.88e-06,9.88e-06,280.0
2023-06-17 11:45:00,9.88e-06,9.88e-06,9.88e-06,9.88e-06,0.0
2023-06-17 11:50:00,9.87e-06,9.88e-06,9.86e-06,9.86e-06,280.0
2023-06-17 11:55:00,9.86e-06,9.86e-06,9.86e-06,9.86e-06,0.0
2023-06-17 12:00:00,9.88e-06,9.89e-06,9.88e-06,9.89e-06,329.0
2023-06-17 12:05:00,9.89e-06,9.89e-06,9.89e-06,9.89e-06,140.0
2023-06-17 12:10:00,9.88e-06,9.88e-06,9.88e-06,9.88e-06,598.0
2023-06-17 12:15:00,9.87e-06,9.87e-06,9.87e-06,9.87e-06,84.0
2023-06-17 12:20:00,9.89e-06,9.89e-06,9.84e-06,9.84e-06,1305.0
2023-06-17 12:25:00,9.84e-06,9.84e-06,9.84e-06,9.84e-06,0.0
2023-06-17 12:30:00,9.84e-06,9.84e-06,9.84e-06,9.84e-06,0.0
2023-06-17 12:35:00,9.87e-06,9.87e-06,9.87e-06,9.87e-06,681.0
2023-06-17 12:40:00,9.87e-06,9.87e-06,9.87e-06,9.87e-06,0.0
2023-06-17 12:45:00,9.87e-06,9.87e-06,9.87e-06,9.87e-06,0.0
2023-06-17 12:50:00,9.89e-06,9.89e-06,9.89e-06,9.89e-06,329.0
2023-06-17 12:55:00,9.89e-06,9.89e-06,9.89e-06,9.89e-06,0.0
2023-06-17 13:00:00,9.89e-06,9.89e-06,9.89e-06,9.89e-06,0.0
2023-06-17 13:05:00,9.88e-06,9.88e-06,9.88e-06,9.88e-06,126.0
2023-06-17 13:10:00,9.88e-06,9.88e-06,9.88e-06,9.88e-06,0.0
2023-06-17 13:15:00,9.88e-06,9.88e-06,9.88e-06,9.88e-06,0.0
2023-06-17 13:20:00,9.88e-06,9.88e-06,9.88e-06,9.88e-06,0.0
2023-06-17 13:25:00,9.88e-06,9.88e-06,9.88e-06,9.88e-06,0.0
2023-06-17 13:30:00,9.88e-06,9.88e-06,9.88e-06,9.88e-06,0.0
2023-06-17 13:35:00,9.88e-06,9.88e-06,9.88e-06,9.88e-06,132.0
2023-06-17 13:40:00,9.87e-06,9.87e-06,9.87e-06,9.87e-06,43.0
2023-06-17 13:45:00,9.87e-06,9.87e-06,9.87e-06,9.87e-06,0.0
2023-06-17 13:50:00,9.87e-06,9.87e-06,9.87e-06,9.87e-06,0.0
2023-06-17 13:55:00,9.87e-06,9.87e-06,9.87e-06,9.87e-06,0.0
2023-06-17 14:00:00,9.88e-06,9.88e-06,9.88e-06,9.88e-06,130.0
2023-06-17 14:05:00,9.87e-06,9.87e-06,9.87e-06,9.87e-06,17.0
2023-06-17 14:10:00,9.87e-06,9.87e-06,9.87e-06,9.87e-06,0.0
2023-06-17 14:15:00,9.87e-06,9.87e-06,9.87e-06,9.87e-06,0.0
2023-06-17 14:20:00,9.87e-06,9.87e-06,9.87e-06,9.87e-06,0.0
2023-06-17 14:25:00,9.87e-06,9.87e-06,9.87e-06,9.87e-06,0.0
2023-06-17 14:30:00,9.88e-06,9.88e-06,9.88e-06,9.88e-06,132.0
2023-06-17 14:35:00,9.88e-06,9.88e-06,9.88e-06,9.88e-06,0.0
2023-06-17 14:40:00,9.88e-06,9.88e-06,9.88e-06,9.88e-06,0.0
2023-06-17 14:45:00,9.88e-06,9.88e-06,9.88e-06,9.88e-06,0.0
2023-06-17 14:50:00,9.88e-06,9.88e-06,9.88e-06,9.88e-06,18.0
2023-06-17 14:55:00,9.86e-06,9.91e-06,9.86e-06,9.86e-06,587.0
2023-06-17 15:00:00,9.86e-06,9.86e-06,9.86e-06,9.86e-06,0.0
2023-06-17 15:05:00,9.86e-06,9.86e-06,9.86e-06,9.86e-06,0.0
2023-06-17 15:10:00,9.88e-06,9.88e-06,9.88e-06,9.88e-06,140.0
2023-06-17 15:15:00,9.9e-06,9.93e-06,9.88e-06,9.9e-06,2707.0
2023-06-17 15:20:00,9.89e-06,9.89e-06,9.89e-06,9.89e-06,714.0
2023-06-17 15:25:00,9.94e-06,9.95e-06,9.88e-06,9.88e-06,484.0
2023-06-17 15:30:00,9.88e-06,9.88e-06,9.88e-06,9.88e-06,0.0
2023-06-17 15:35:00,9.89e-06,9.9e-06,9.89e-06,9.9e-06,1330.0
2023-06-17 15:40:00,9.9e-06,9.9e-06,9.9e-06,9.9e-06,0.0
2023-06-17 15:45:00,9.9e-06,9.9e-06,9.9e-06,9.9e-06,140.0
2023-06-17 15:50:00,9.9e-06,9.91e-06,9.9e-06,9.91e-06,698.0
2023-06-17 15:55:00,9.9e-06,9.91e-06,9.9e-06,9.91e-06,7446.0
2023-06-17 16:00:00,9.92e-06,9.92e-06,9.92e-06,9.92e-06,353.0
2023-06-17 16:05:00,9.92e-06,9.92e-06,9.92e-06,9.92e-06,151.0
2023-06-17 16:10:00,9.92e-06,9.92e-06,9.92e-06,9.92e-06,0.0
2023-06-17 16:15:00,9.91e-06,9.91e-06,9.91e-06,9.91e-06,558.0
2023-06-17 16:20:00,9.91e-06,9.91e-06,9.91e-06,9.91e-06,140.0
2023-06-17 16:25:00,9.91e-06,9.91e-06,9.91e-06,9.91e-06,0.0
2023-06-17 16:30:00,9.91e-06,9.91e-06,9.91e-06,9.91e-06,140.0
2023-06-17 16:35:00,9.9e-06,9.9e-06,9.9e-06,9.9e-06,371.0
2023-06-17 16:40:00,9.9e-06,9.9e-06,9.9e-06,9.9e-06,0.0
2023-06-17 16:45:00,9.9e-06,9.9e-06,9.9e-06,9.9e-06,0.0
2023-06-17 16:50:00,9.9e-06,9.9e-06,9.9e-06,9.9e-06,0.0
2023-06-17 16:55:00,9.9e-06,9.9e-06,9.9e-06,9.9e-06,0.0
2023-06-17 17:00:00,9.9e-06,9.9e-06,9.9e-06,9.9e-06,0.0
2023-06-17 17:05:00,9.9e-06,9.9e-06,9.9e-06,9.9e-06,0.0
2023-06-17 17:10:00,9.9e-06,9.9e-06,9.9e-06,9.9e-06,0.0
2023-06-17 17:15:00,9.9e-06,9.9e-06,9.9e-06,9.9e-06,0.0
2023-06-17 17:20:00,9.9e-06,9.9e-06,9.9e-06,9.9e-06,0.0
2023-06-17 17:25:00,9.9e-06,9.9e-06,9.9e-06,9.9e-06,0.0
2023-06-17 17:30:00,9.9e-06,9.9e-06,9.9e-06,9.9e-06,0.0
2023-06-17 17:35:00,9.91e-06,9.91e-06,9.9e-06,9.9e-06,3734.0
2023-06-17 17:40:00,9.91e-06,9.91e-06,9.91e-06,9.91e-06,140.0
2023-06-17 17:45:00,9.91e-06,9.91e-06,9.91e-06,9.91e-06,140.0
2023-06-17 17:50:00,9.91e-06,9.91e-06,9.91e-06,9.91e-06,140.0
2023-06-17 17:55:00,9.9e-06,9.9e-06,9.9e-06,9.9e-06,144.0
2023-06-17 18:00:00,9.91e-06,9.91e-06,9.91e-06,9.91e-06,140.0
2023-06-17 18:05:00,9.9e-06,9.9e-06,9.9e-06,9.9e-06,516.0
2023-06-17 18:10:00,9.9e-06,9.9e-06,9.9e-06,9.9e-06,0.0
2023-06-17 18:15:00,9.9e-06,9.9e-06,9.9e-06,9.9e-06,0.0
2023-06-17 18:20:00,9.9e-06,9.9e-06,9.9e-06,9.9e-06,0.0
2023-06-17 18:25:00,9.9e-06,9.9e-06,9.9e-06,9.9e-06,0.0
2023-06-17 18:30:00,9.9e-06,9.9e-06,9.9e-06,9.9e-06,3243.0
2023-06-17 18:35:00,9.91e-06,9.91e-06,9.91e-06,9.91e-06,140.0
2023-06-17 18:40:00,9.9e-06,9.91e-06,9.9e-06,9.91e-06,4801.0
2023-06-17 18:45:00,9.9e-06,9.9e-06,9.9e-06,9.9e-06,1124.0
2023-06-17 18:50:00,9.9e-06,9.9e-06,9.9e-06,9.9e-06,280.0
2023-06-17 18:55:00,9.9e-06,9.91e-06,9.9e-06,9.91e-06,137.0
2023-06-17 19:00:00,9.91e-06,9.91e-06,9.91e-06,9.91e-06,0.0
2023-06-17 19:05:00,9.91e-06,9.91e-06,9.91e-06,9.91e-06,0.0
2023-06-17 19:10:00,9.91e-06,9.91e-06,9.91e-06,9.91e-06,0.0
2023-06-17 19:15:00,9.91e-06,9.91e-06,9.91e-06,9.91e-06,0.0
2023-06-17 19:20:00,9.91e-06,9.91e-06,9.91e-06,9.91e-06,0.0
2023-06-17 19:25:00,9.91e-06,9.91e-06,9.91e-06,9.91e-06,10.0
2023-06-17 19:30:00,9.89e-06,9.9e-06,9.89e-06,9.9e-06,245.0
2023-06-17 19:35:00,9.91e-06,9.91e-06,9.9e-06,9.9e-06,165.0
2023-06-17 19:40:00,9.9e-06,9.91e-06,9.9e-06,9.91e-06,140.0
2023-06-17 19:45:00,9.91e-06,9.91e-06,9.91e-06,9.91e-06,0.0
2023-06-17 19:50:00,9.9e-06,9.9e-06,9.89e-06,9.89e-06,140.0
2023-06-17 19:55:00,9.89e-06,9.89e-06,9.89e-06,9.89e-06,0.0
2023-06-17 20:00:00,9.9e-06,9.9e-06,9.9e-06,9.9e-06,140.0
2023-06-17 20:05:00,9.9e-06,9.9e-06,9.9e-06,9.9e-06,0.0
2023-06-17 20:10:00,9.9e-06,9.9e-06,9.9e-06,9.9e-06,0.0
2023-06-17 20:15:00,9.89e-06,9.89e-06,9.89e-06,9.89e-06,420.0
