timestamp,Unnamed: 0,open,high,low,close,volume,fastk,fastd,macd,macdsignal,macdhist,real
2023-06-22 21:30:00,0,12.72,12.73,12.7,12.72,3089.61,,,,,,0.15302577191607933
2023-06-22 21:35:00,1,12.72,12.72,12.7,12.7,7118.54,,,,,,0.15302577191607933
2023-06-22 21:40:00,2,12.71,12.72,12.68,12.68,10329.25,,,,,,0.15302577191607933
2023-06-22 21:45:00,3,12.69,12.72,12.68,12.72,1980.1,,,,,,0.15302577191607933
2023-06-22 21:50:00,4,12.71,12.75,12.71,12.75,2145.31,,,,,,0.15302577191607933
2023-06-22 21:55:00,5,12.74,12.74,12.72,12.74,1049.01,,,,,,0.15302577191607933
2023-06-22 22:00:00,6,12.73,12.73,12.7,12.71,4216.6,,,,,,0.15302577191607933
2023-06-22 22:05:00,7,12.7,12.72,12.69,12.72,2098.58,,,,,,0.15302577191607933
2023-06-22 22:10:00,8,12.72,12.72,12.71,12.72,1453.66,,,,,,0.15302577191607933
2023-06-22 22:15:00,9,12.72,12.73,12.7,12.73,4077.54,,,,,,0.15302577191607933
2023-06-22 22:20:00,10,12.73,12.73,12.7,12.71,1688.87,,,,,,0.15302577191607933
2023-06-22 22:25:00,11,12.71,12.73,12.71,12.71,2249.53,,,,,,0.15302577191607933
2023-06-22 22:30:00,12,12.71,12.72,12.69,12.7,4214.58,,,,,,0.15302577191607933
2023-06-22 22:35:00,13,12.7,12.7,12.68,12.7,718.29,,,,,,0.15302577191607933
2023-06-22 22:40:00,14,12.7,12.7,12.69,12.69,340.55,,,,,,0.15302577191607933
2023-06-22 22:45:00,15,12.69,12.7,12.68,12.68,2993.56,,,,,,0.15302577191607933
2023-06-22 22:50:00,16,12.69,12.69,12.63,12.64,16599.91,,,,,,0.15302577191607933
2023-06-22 22:55:00,17,12.64,12.66,12.62,12.64,10358.14,,,,,,0.15302577191607933
2023-06-22 23:00:00,18,12.63,12.66,12.63,12.63,2022.7,,,,,,0.15302577191607933
2023-06-22 23:05:00,19,12.62,12.65,12.62,12.64,5120.1,,,,,,0.15302577191607933
2023-06-22 23:10:00,20,12.64,12.64,12.62,12.64,2446.05,100.0,46.11780718044316,,,,0.15302577191607933
2023-06-22 23:15:00,21,12.64,12.66,12.64,12.65,1463.04,100.0,79.45114051377651,,,,0.15302577191607933
2023-06-22 23:20:00,22,12.66,12.67,12.66,12.67,1529.03,100.0,100.0,,,,0.15302577191607933
2023-06-22 23:25:00,23,12.66,12.68,12.66,12.67,1612.28,100.0,100.0,,,,0.15302577191607933
2023-06-22 23:30:00,24,12.67,12.68,12.67,12.68,446.07,100.0,100.0,,,,0.15302577191607933
2023-06-22 23:35:00,25,12.68,12.7,12.67,12.69,1312.61,100.0,100.0,,,,0.15302577191607933
2023-06-22 23:40:00,26,12.69,12.69,12.67,12.67,2533.54,6.882457812615476,68.96081927087182,,,,0.15302577191607933
2023-06-22 23:45:00,27,12.68,12.7,12.67,12.69,1862.56,100.0,68.96081927087182,,,,0.15302577191607933
2023-06-22 23:50:00,28,12.69,12.69,12.65,12.65,1205.43,0.0,35.627485937538495,,,,0.15302577191607933
2023-06-22 23:55:00,29,12.66,12.67,12.65,12.65,1129.02,0.0,33.333333333333336,,,,0.15302577191607933
2023-06-23 00:00:00,30,12.66,12.7,12.64,12.69,3604.72,100.0,33.333333333333336,,,,0.15302577191607933
2023-06-23 00:05:00,31,12.7,12.72,12.68,12.71,4678.29,100.0,66.66666666666667,,,,0.15302577191607933
2023-06-23 00:10:00,32,12.7,12.74,12.7,12.72,6525.8,100.0,100.0,,,,0.15302577191607933
2023-06-23 00:15:00,33,12.71,12.74,12.71,12.72,4739.37,100.0,100.0,-0.0042225018599832,-0.0182889564530584,0.0140664545930751,0.15302577191607933
2023-06-23 00:20:00,34,12.72,12.74,12.71,12.73,4043.51,100.0,100.0,-0.0004046049812416,-0.014712086158695,0.0143074811774534,0.15302577191607933
2023-06-23 00:25:00,35,12.72,12.72,12.7,12.71,2612.05,0.0,66.66666666666667,0.0009957940545941,-0.0115705101160372,0.0125663041706314,0.15302577191607933
2023-06-23 00:30:00,36,12.71,12.73,12.71,12.73,525.01,73.40360402013467,57.80120134004488,0.0036770663014227,-0.0085209948325452,0.0121980611339679,0.15302577191607933
2023-06-23 00:35:00,37,12.73,12.73,12.71,12.71,1347.95,0.0,24.46786800671155,0.0041404326908018,-0.0059887093278758,0.0101291420186777,0.15302577191607933
2023-06-23 00:40:00,38,12.71,12.73,12.71,12.72,2435.95,31.57468476729082,34.992762929141826,0.0052540054153507,-0.0037401663792305,0.0089941717945812,0.15302577191607933
2023-06-23 00:45:00,39,12.71,12.72,12.69,12.72,3380.47,40.60804466726363,24.060909811518144,0.0060665879725831,-0.0017788155088677,0.0078454034814509,0.15302577191607933
2023-06-23 00:50:00,40,12.71,12.74,12.7,12.73,3970.95,83.15400103379007,51.77891015611484,0.0074318126203021,6.331011696620518e-05,0.0073685025033359,0.15302577191607933
2023-06-23 00:55:00,41,12.72,12.74,12.72,12.73,5078.4,100.0,74.5873485670179,0.0084167400494781,0.0017339961034685,0.0066827439460095,0.15302577191607933
2023-06-23 01:00:00,42,12.73,12.75,12.72,12.74,4624.85,100.0,94.38466701126336,0.0098902103709193,0.0033652389569587,0.0065249714139605,0.15302577191607933
2023-06-23 01:05:00,43,12.74,12.74,12.72,12.73,2841.45,25.922094203683997,75.30736473456133,0.0101342089376217,0.0047190329530913,0.0054151759845304,0.15302577191607933
2023-06-23 01:10:00,44,12.73,12.75,12.72,12.73,7293.78,0.0,41.974031401228,0.0102098863452937,0.0058172036315318,0.0043926827137619,0.15302577191607933
2023-06-23 01:15:00,45,12.73,12.74,12.73,12.73,3851.58,0.0,8.640698067894666,0.0101528257804179,0.006684328061309,0.0034684977191089,0.15302577191607933
2023-06-23 01:20:00,46,12.72,12.76,12.72,12.75,3831.97,100.0,33.333333333333336,0.0115878600867933,0.0076650344664059,0.0039228256203874,0.15302577191607933
2023-06-23 01:25:00,47,12.75,12.76,12.73,12.74,3299.74,27.23694949586948,42.41231649862316,0.0117823985309701,0.0084885072793187,0.0032938912516514,0.15302577191607933
2023-06-23 01:30:00,48,12.75,12.77,12.74,12.75,3690.73,76.33276876089832,67.85657275225593,0.0125982631407275,0.0093104584516005,0.003287804689127,0.15302577191607933
2023-06-23 01:35:00,49,12.75,12.75,12.72,12.72,2462.01,0.0,34.5232394189226,0.0107007409615818,0.0095885149535967,0.001112226007985,0.15302577191607933
2023-06-23 01:40:00,50,12.73,12.74,12.72,12.74,1488.6,46.168126016477565,40.83363159245863,0.01068757411511,0.0098083267858994,0.0008792473292105,0.15302577191607933
2023-06-23 01:45:00,51,12.73,12.74,12.72,12.72,2280.25,0.0,15.389375338825856,0.0089600208979021,0.0096386656082999,-0.0006786447103978,0.15302577191607933
2023-06-23 01:50:00,52,12.72,12.72,12.7,12.71,2052.07,0.0,15.389375338825856,0.0067066954895729,0.0090522715845545,-0.0023455760949816,0.15302577191607933
2023-06-23 01:55:00,53,12.71,12.72,12.7,12.7,3611.3,0.0,2.3684757858670005e-15,0.0040671192239063,0.0080552411124249,-0.0039881218885185,0.15302577191607933
2023-06-23 02:00:00,54,12.71,12.72,12.66,12.7,10289.14,0.0,2.3684757858670005e-15,0.0019527262040952,0.0068347381307589,-0.0048820119266637,0.15302577191607933
2023-06-23 02:05:00,55,12.7,12.71,12.67,12.68,3570.99,0.0,2.3684757858670005e-15,-0.001321544409194,0.0052034816227683,-0.0065250260319624,0.15302577191607933
2023-06-23 02:10:00,56,12.68,12.71,12.67,12.7,2813.63,85.38753033164733,28.462510110549108,-0.0022763542126629,0.0037075144556821,-0.005983868668345,0.15302577191607933
2023-06-23 02:15:00,57,12.71,12.72,12.7,12.7,4169.53,100.0,61.79584344388244,-0.0029984832129592,0.0023663149219538,-0.005364798134913,0.15302577191607933
2023-06-23 02:20:00,58,12.71,12.73,12.7,12.72,2077.28,100.0,95.12917677721578,-0.0019346414529284,0.0015061236469773,-0.0034407650999058,0.15302577191607933
2023-06-23 02:25:00,59,12.73,12.75,12.73,12.74,2643.81,100.0,100.0,0.0005163415949933,0.0013081672365805,-0.0007918256415872,0.15302577191607933
2023-06-23 02:30:00,60,12.75,12.77,12.74,12.77,4360.77,100.0,100.0,0.0048239056172114,0.0020113149127067,0.0028125907045047,0.15302577191607933
2023-06-23 02:35:00,61,12.76,12.76,12.74,12.75,4346.4,64.95775476265489,88.31925158755162,0.0065483628355611,0.0029187244972776,0.0036296383382835,0.15302577191607933
2023-06-23 02:40:00,62,12.76,12.77,12.75,12.76,4297.33,64.80857478544024,76.5887765160317,0.0086225288860006,0.0040594853750222,0.0045630435109784,0.15302577191607933
2023-06-23 02:45:00,63,12.76,12.77,12.75,12.76,2516.0,36.18546202777003,55.31726385862172,0.0101493253199791,0.0052774533640136,0.0048718719559655,0.15302577191607933
2023-06-23 02:50:00,64,12.76,12.76,12.74,12.76,1501.44,34.146553195638774,45.046863336283,0.0112298715252894,0.0064679369962687,0.0047619345290206,0.15302577191607933
2023-06-23 02:55:00,65,12.76,12.77,12.75,12.76,6988.39,100.0,56.77733840780292,0.0119484775662002,0.007564045110255,0.0043844324559451,0.15302577191607933
2023-06-23 03:00:00,66,12.77,12.77,12.75,12.77,1912.17,100.0,78.0488510652129,0.0131730438083241,0.0086858448498688,0.0044871989584552,0.15302577191607933
2023-06-23 03:05:00,67,12.77,12.78,12.76,12.78,3410.5,100.0,100.0,0.0147800624446503,0.0099046883688251,0.0048753740758251,0.15302577191607933
2023-06-23 03:10:00,68,12.78,12.8,12.77,12.79,2886.12,100.0,100.0,0.016668409667476,0.0112574326285553,0.0054109770389207,0.15302577191607933
2023-06-23 03:15:00,69,12.78,12.79,12.78,12.79,4400.11,99.9999999999998,99.99999999999991,0.0179579306008292,0.0125975322230101,0.0053603983778191,0.15302577191607933
2023-06-23 03:20:00,70,12.78,12.8,12.78,12.79,309.75,99.9999999999997,99.99999999999984,0.0187635902426208,0.0138307438269322,0.0049328464156885,0.15302577191607933
2023-06-23 03:25:00,71,12.79,12.81,12.79,12.79,2878.46,100.0,99.99999999999984,0.0191809749734535,0.0149007900562365,0.0042801849172169,0.15302577191607933
2023-06-23 03:30:00,72,12.8,12.81,12.78,12.78,10851.83,0.0,66.66666666666656,0.0184916783953479,0.0156189677240588,0.0028727106712891,0.15302577191607933
2023-06-23 03:35:00,73,12.78,12.78,12.76,12.78,2741.61,0.0,33.33333333333333,0.0177408998410459,0.0160433541474562,0.0016975456935897,0.15302577191607933
2023-06-23 03:40:00,74,12.78,12.8,12.78,12.78,2353.67,0.0,-4.736951571734001e-15,0.0169505075282323,0.0162247848236114,0.0007257227046208,0.15302577191607933
2023-06-23 03:45:00,75,12.78,12.8,12.78,12.79,209.07,65.60601065556591,21.868670218521967,0.0169358069124587,0.0163669892413809,0.0005688176710778,0.15302577191607933
2023-06-23 03:50:00,76,12.78,12.79,12.77,12.79,4239.88,100.0,55.202003551855306,0.0167312886874224,0.0164398491305892,0.0002914395568332,0.15302577191607933
2023-06-23 03:55:00,77,12.78,12.79,12.78,12.79,46.03,100.0,88.53533688518864,0.0163803836542761,0.0164279560353266,-4.75723810504404e-05,0.15302577191607933
2023-06-23 04:00:00,78,12.78,12.8,12.77,12.79,3410.19,100.0,100.0,0.0159187870197108,0.0163261222322034,-0.0004073352124926,0.15302577191607933
2023-06-23 04:05:00,79,12.79,12.8,12.78,12.8,5127.95,100.0,100.0,0.0161734473542285,0.0162955872566084,-0.0001221399023799,0.15302577191607933
2023-06-23 04:10:00,80,12.8,12.8,12.78,12.79,2902.43,0.0,66.66666666666667,0.0153909339712523,0.0161146565995372,-0.0007237226282849,0.15302577191607933
2023-06-23 04:15:00,81,12.78,12.8,12.76,12.77,3252.64,0.0,33.33333333333333,0.0130070168310716,0.0154931286458441,-0.0024861118147724,0.15302577191607933
2023-06-23 04:20:00,82,12.77,12.8,12.76,12.8,1609.11,61.57386339314517,20.524621131048388,0.0133842097630552,0.0150713448692863,-0.0016871351062311,0.15302577191607933
2023-06-23 04:25:00,83,12.8,12.81,12.77,12.77,1806.94,0.0,20.524621131048388,0.0111340422908128,0.0142838843535916,-0.0031498420627788,0.15302577191607933
2023-06-23 04:30:00,84,12.77,12.81,12.77,12.8,845.03,72.73002740127998,44.76796359814171,0.0116373692878788,0.013754581340449,-0.0021172120525702,0.15302577191607933
2023-06-23 04:35:00,85,12.81,12.81,12.78,12.79,2193.35,44.31402020766178,39.01468253631392,0.0111013734105043,0.0132239397544601,-0.0021225663439558,0.15302577191607933
2023-06-23 04:40:00,86,12.79,12.81,12.79,12.8,382.65,66.5440767280293,61.196041445657016,0.0113526430403609,0.0128496804116403,-0.0014970373712793,0.15302577191607933
2023-06-23 04:45:00,87,12.81,12.81,12.79,12.8,4706.98,91.49463997982517,67.45091230517208,0.0114201318610156,0.0125637707015153,-0.0011436388404997,0.15302577191607933
2023-06-23 04:50:00,88,12.81,12.81,12.8,12.8,1219.55,78.2307534232327,78.75649004369572,0.0113428637648205,0.0123195893141764,-0.0009767255493558,0.15302577191607933
2023-06-23 04:55:00,89,12.81,12.81,12.79,12.8,819.32,100.0,89.90846446768596,0.0111530626778897,0.012086283986919,-0.0009332213090293,0.15302577191607933
2023-06-23 05:00:00,90,12.79,12.82,12.79,12.81,2677.81,100.0,92.74358447441092,0.0116749784909444,0.0120040228877241,-0.0003290443967796,0.15302577191607933
2023-06-23 05:05:00,91,12.81,12.81,12.8,12.8,4712.18,0.0,66.66666666666667,0.0111531179058346,0.0118338418913462,-0.0006807239855116,0.15302577191607933
2023-06-23 05:10:00,92,12.8,12.81,12.79,12.8,949.93,0.0,33.33333333333334,0.0106171517162945,0.0115905038563358,-0.0009733521400413,0.15302577191607933
2023-06-23 05:15:00,93,12.8,12.82,12.79,12.8,4397.44,0.0,9.473903143468002e-15,0.0100762420040751,0.0112876514858837,-0.0012114094818085,0.15302577191607933
2023-06-23 05:20:00,94,12.81,12.82,12.8,12.81,3098.5,82.29876849095065,27.43292283031689,0.0103353441725193,0.0110971900232108,-0.0007618458506915,0.15302577191607933
2023-06-23 05:25:00,95,12.8,12.83,12.8,12.82,4130.92,100.0,60.76625616365023,0.0112182835446894,0.0111214087275065,9.687481718286332e-05,0.15302577191607933
2023-06-23 05:30:00,96,12.82,12.83,12.81,12.82,1730.92,100.0,94.09958949698355,0.0117822014739434,0.0112535672767939,0.0005286341971495,0.15302577191607933
2023-06-23 05:35:00,97,12.83,12.84,12.82,12.82,1858.55,100.0,100.0,0.012089747413114,0.0114208033040579,0.000668944109056,0.15302577191607933
2023-06-23 05:40:00,98,12.82,12.84,12.82,12.82,2588.98,100.0,100.0,0.0121929273094654,0.0115752281051394,0.0006176992043259,0.15302577191607933
2023-06-23 05:45:00,99,12.83,12.83,12.81,12.81,3536.78,0.0,66.66666666666669,0.0113370947233093,0.0115276014287734,-0.0001905067054641,0.15302577191607933
2023-06-23 05:50:00,100,12.82,12.83,12.81,12.82,801.25,66.09749725812101,55.36583241937368,0.0113350937544023,0.0114890998938992,-0.0001540061394968,0.15302577191607933
2023-06-23 05:55:00,101,12.83,12.83,12.82,12.82,1337.47,66.0974972581208,44.06499817208061,0.0112043511861195,0.0114321501523432,-0.0002277989662237,0.15302577191607933
2023-06-23 06:00:00,102,12.82,12.83,12.81,12.82,4864.9,66.0974972581208,66.09749725812088,0.0109742326361992,0.0113405666491144,-0.0003663340129152,0.15302577191607933
2023-06-23 06:05:00,103,12.82,12.83,12.81,12.82,1606.79,100.0,77.39833150541388,0.0106688778448233,0.0112062288882562,-0.0005373510434328,0.15302577191607933
2023-06-23 06:10:00,104,12.82,12.83,12.81,12.82,7747.72,100.0,88.69916575270695,0.0103080571069114,0.0110265945319872,-0.0007185374250758,0.15302577191607933
2023-06-23 06:15:00,105,12.82,12.84,12.81,12.84,3663.03,100.0,100.0,0.0115033336557601,0.0111219423567418,0.0003813912990183,0.15302577191607933
2023-06-23 06:20:00,106,12.83,12.85,12.83,12.85,3930.02,100.0,100.0,0.013106432562628,0.011518840397919,0.0015875921647089,0.15302577191607933
2023-06-23 06:25:00,107,12.84,12.84,12.83,12.83,1686.2,0.0,66.66666666666667,0.0126176190843896,0.0117385961352132,0.0008790229491764,0.15302577191607933
2023-06-23 06:30:00,108,12.84,12.84,12.83,12.83,2592.25,0.0,33.333333333333336,0.0120908550306761,0.0118090479143057,0.0002818071163703,0.15302577191607933
2023-06-23 06:35:00,109,12.84,12.84,12.82,12.83,2389.29,0.0,0.0,0.0115403606292687,0.0117553104572983,-0.0002149498280296,0.15302577191607933
2023-06-23 06:40:00,110,12.83,12.84,12.82,12.82,6701.5,0.0,0.0,0.0101798267178612,0.0114402137094109,-0.0012603869915497,0.15302577191607933
2023-06-23 06:45:00,111,12.82,12.82,12.79,12.79,4289.5,0.0,0.0,0.0066047095312278,0.0104731128737743,-0.0038684033425465,0.15302577191607933
2023-06-23 06:50:00,112,12.8,12.81,12.77,12.78,5839.8,0.0,0.0,0.0029307036496071,0.0089646310289408,-0.0060339273793337,0.15302577191607933
2023-06-23 06:55:00,113,12.78,12.81,12.78,12.8,2674.31,42.09374812866035,14.031249376220115,0.0016142522762621,0.0074945552784051,-0.005880303002143,0.15302577191607933
2023-06-23 07:00:00,114,12.8,12.81,12.77,12.77,3387.88,3.411669087781696,15.168472405480683,-0.0018287139253772,0.0056299014376486,-0.0074586153630258,0.15302577191607933
2023-06-23 07:05:00,115,12.78,12.79,12.77,12.77,4073.36,5.9121528620494805,17.139190026163842,-0.0045053545229531,0.0036028502455282,-0.0081082047684814,0.15302577191607933
2023-06-23 07:10:00,116,12.76,12.78,12.76,12.76,4781.04,0.0,3.107940649943726,-0.0073488153384566,0.0014125171287313,-0.0087613324671879,0.15302577191607933
2023-06-23 07:15:00,117,12.75,12.77,12.74,12.74,7256.6,0.0,1.9707176206831605,-0.0110882924407622,-0.0010876447851674,-0.0100006476555948,0.15302577191607933
2023-06-23 07:20:00,118,12.74,12.75,12.73,12.75,4870.56,65.05578943348844,21.685263144496147,-0.013093999088543,-0.0034889156458425,-0.0096050834427004,0.15302577191607933
2023-06-23 07:25:00,119,12.75,12.77,12.75,12.77,3085.51,100.0,55.01859647782948,-0.0129207607175612,-0.0053752846601862,-0.0075454760573749,0.15302577191607933
2023-06-23 07:30:00,120,12.76,12.8,12.76,12.76,6046.17,79.02365567602916,81.35981503650586,-0.0134355083104669,-0.0069873293902423,-0.0064481789202245,0.15302577191607933
2023-06-23 07:35:00,121,12.77,12.77,12.76,12.77,2739.51,100.0,93.00788522534305,-0.0128879685805731,-0.0081674572283085,-0.0047205113522646,0.15302577191607933
2023-06-23 07:40:00,122,12.76,12.77,12.75,12.77,3160.88,100.0,93.00788522534305,-0.0123121130248957,-0.0089963883876259,-0.0033157246372697,0.15302577191607933
2023-06-23 07:45:00,123,12.76,12.78,12.76,12.78,6314.6,100.0,100.0,-0.0109229143641815,-0.0093816935829371,-0.0015412207812444,0.15302577191607933
2023-06-23 07:50:00,124,12.77,12.79,12.77,12.77,3242.83,57.1891418940398,85.72971396467993,-0.0105077539962241,-0.0096069056655945,-0.0009008483306296,0.15302577191607933
2023-06-23 07:55:00,125,12.77,12.79,12.77,12.78,7479.2,100.0,85.72971396467993,-0.0092650186196614,-0.0095385282564079,0.0002735096367464,0.15302577191607933
2023-06-23 08:00:00,126,12.78,12.79,12.76,12.78,5837.3,100.0,85.72971396467993,-0.0081857812890824,-0.0092679788629428,0.0010821975738603,0.15302577191607933
2023-06-23 08:05:00,127,12.78,12.8,12.78,12.8,1619.69,100.0,100.0,-0.0056514981236528,-0.0085446827150848,0.0028931845914319,0.15302577191607933
2023-06-23 08:10:00,128,12.8,12.82,12.79,12.81,5003.27,100.0,100.0,-0.0028038233003258,-0.007396510832133,0.0045926875318072,0.15302577191607933
2023-06-23 08:15:00,129,12.82,12.83,12.81,12.83,3522.12,100.0,100.0,0.00105465496069,-0.0057062776735684,0.0067609326342584,0.15302577191607933
2023-06-23 08:20:00,130,12.82,12.85,12.82,12.84,1684.0,100.0,100.0,0.0048633811770333,-0.003592345903448,0.0084557270804813,0.15302577191607933
2023-06-23 08:25:00,131,12.84,12.85,12.83,12.85,1510.37,100.0,100.0,0.0085897235838316,-0.0011559320059921,0.0097456555898238,0.15302577191607933
2023-06-23 08:30:00,132,12.85,12.85,12.83,12.84,2487.12,54.59646414188402,84.86548804729468,0.0106136132349252,0.0011979770421913,0.0094156361927339,0.15302577191607933
2023-06-23 08:35:00,133,12.84,12.86,12.83,12.84,3469.09,1.1692538012455238,51.92190598104318,0.0120783289076076,0.0033740474152746,0.008704281492333,0.15302577191607933
2023-06-23 08:40:00,134,12.84,12.84,12.83,12.83,245.94,0.0,18.58857264770985,0.0122905325952338,0.0051573444512664,0.0071331881439673,0.15302577191607933
2023-06-23 08:45:00,135,12.84,12.85,12.83,12.84,3639.86,31.87069083841828,11.013314879887934,0.0131144467938568,0.0067487649197845,0.0063656818740723,0.15302577191607933
2023-06-23 08:50:00,136,12.85,12.85,12.83,12.84,2466.48,63.55212139643869,31.807604078285653,0.0136105112310236,0.0081211141820323,0.0054893970489912,0.15302577191607933
2023-06-23 08:55:00,137,12.83,12.84,12.81,12.82,12463.02,0.0,31.807604078285653,0.0122486185680532,0.0089466150592365,0.0033020035088167,0.15302577191607933
2023-06-23 09:00:00,138,12.82,12.83,12.81,12.83,4211.8,37.40167540129587,33.65126559924485,0.0118397440478563,0.0095252408569605,0.0023145031908958,0.15302577191607933
2023-06-23 09:05:00,139,12.83,12.84,12.8,12.8,3465.32,0.0,12.467225133765288,0.0089913125115437,0.0094184551878771,-0.0004271426763334,0.15302577191607933
2023-06-23 09:10:00,140,12.81,12.82,12.8,12.82,1514.38,39.457131834165146,25.61960241182033,0.0082526118775483,0.0091852865258113,-0.000932674648263,0.15302577191607933
2023-06-23 09:15:00,141,12.82,12.83,12.79,12.8,2791.03,4.074833636373147,14.510655156846092,0.0059843693651302,0.0085451030936751,-0.0025607337285449,0.15302577191607933
2023-06-23 09:20:00,142,12.8,12.81,12.79,12.79,3509.08,0.0,14.510655156846092,0.003341337546395,0.0075043499842191,-0.004163012437824,0.15302577191607933
2023-06-23 09:25:00,143,12.79,12.8,12.77,12.8,6893.89,37.90237228548916,13.992401973954095,0.002030228998425,0.0064095257870603,-0.0043792967886352,0.15302577191607933
2023-06-23 09:30:00,144,12.79,12.8,12.77,12.78,5721.59,0.0,12.634124095163047,-0.0006155709066604,0.0050045064483161,-0.0056200773549766,0.15302577191607933
2023-06-23 09:35:00,145,12.78,12.79,12.76,12.77,2990.34,0.0,12.634124095163047,-0.0034791968048715,0.0033077657976786,-0.0067869626025501,0.15302577191607933
2023-06-23 09:40:00,146,12.78,12.8,12.77,12.79,1919.03,86.0706693494537,28.69022311648456,-0.0040876877871749,0.0018286750807079,-0.0059163628678828,0.15302577191607933
2023-06-23 09:45:00,147,12.79,12.79,12.74,12.76,7555.45,0.0,28.69022311648456,-0.0069110047928298,8.073910600038038e-05,-0.0069917438988301,0.15302577191607933
2023-06-23 09:50:00,148,12.77,12.85,12.76,12.83,8119.64,100.0,62.023556449817896,-0.0034602018224134,-0.0006274490796823,-0.002832752742731,0.15302577191607933
2023-06-23 09:55:00,149,12.84,12.84,12.81,12.83,5211.81,100.0,66.66666666666667,-0.0007171487621455,-0.000645389016175,-7.175974597054447e-05,0.15302577191607933
2023-06-23 10:00:00,150,12.84,12.84,12.81,12.83,7223.87,100.0,100.0,0.001440139518829,-0.0002282833091742,0.0016684228280032,0.15302577191607933
2023-06-23 10:05:00,151,12.84,12.85,12.79,12.82,3864.82,84.37021923106398,94.79007307702132,0.0023161900008599,0.0002806113528326,0.0020355786480273,0.15302577191607933
2023-06-23 10:10:00,152,12.83,12.84,12.81,12.82,4612.65,0.0,61.45673974368799,0.0029761590109895,0.000819720884464,0.0021564381265255,0.15302577191607933
2023-06-23 10:15:00,153,12.82,12.83,12.8,12.8,3699.41,0.0,28.123406410354654,0.0018638708108227,0.0010285508697357,0.0008353199410869,0.15302577191607933
2023-06-23 10:20:00,154,12.81,12.82,12.77,12.78,4074.68,0.0,-4.736951571734001e-15,-0.0006242623466974,0.0006979882264491,-0.0013222505731465,0.15302577191607933
2023-06-23 10:25:00,155,12.77,12.78,12.74,12.77,6365.83,0.0,-4.736951571734001e-15,-0.0033642611185804,-0.0001144616425568,-0.0032497994760236,0.15302577191607933
2023-06-23 10:30:00,156,12.77,12.78,12.76,12.78,2847.45,24.601870037346604,8.200623345782196,-0.004674923847336,-0.0010265540835126,-0.0036483697638233,0.15302577191607933
2023-06-23 10:35:00,157,12.79,12.8,12.77,12.8,1485.97,100.0,41.53395667911553,-0.0040530792747404,-0.0016318591217581,-0.0024212201529822,0.15302577191607933
2023-06-23 10:40:00,158,12.8,12.81,12.79,12.8,3202.43,100.0,74.86729001244886,-0.0035196901734213,-0.0020094253320908,-0.0015102648413305,0.15302577191607933
2023-06-23 10:45:00,159,12.8,12.81,12.79,12.8,1758.06,99.99999999999991,100.0,-0.0030616823000411,-0.0022198767256808,-0.0008418055743602,0.15302577191607933
2023-06-23 10:50:00,160,12.8,12.82,12.79,12.81,2031.93,100.0,100.0,-0.0018702324585024,-0.0021499478722452,0.0002797154137427,0.15302577191607933
2023-06-23 10:55:00,161,12.81,12.81,12.79,12.8,3345.55,0.0,66.66666666666664,-0.0017131679677415,-0.0020625918913444,0.0003494239236029,0.15302577191607933
2023-06-23 11:00:00,162,12.81,12.82,12.79,12.82,2189.43,100.0,66.66666666666667,2.485313433808756e-05,-0.0016451028862079,0.001669956020546,0.15302577191607933
2023-06-23 11:05:00,163,12.82,12.82,12.79,12.81,3941.06,44.5464827386982,48.182160912899406,0.0005885465546651,-0.0011983729980333,0.0017869195526984,0.15302577191607933
2023-06-23 11:10:00,164,12.81,12.84,12.8,12.82,3376.13,93.60922198902416,79.3852349092408,0.0018212004132713,-0.0005944583157724,0.0024156587290437,0.15302577191607933
2023-06-23 11:15:00,165,12.83,12.83,12.8,12.82,3925.97,93.60922198902404,77.2549755722488,0.0027662004402344,7.767343542896914e-05,0.0026885270048054,0.15302577191607933
2023-06-23 11:20:00,166,12.82,12.83,12.81,12.82,5761.33,88.47543253052473,91.89795883619097,0.0034750614250036,0.0007571510333439,0.0027179103916597,0.15302577191607933
2023-06-23 11:25:00,167,12.82,12.82,12.8,12.81,4780.01,0.0,60.69488483984958,0.003193114203098,0.0012443436672947,0.0019487705358033,0.15302577191607933
2023-06-23 11:30:00,168,12.82,12.85,12.82,12.83,4990.28,100.0,62.82514417684157,0.0045312682121103,0.0019017285762578,0.0026295396358524,0.15302577191607933
2023-06-23 11:35:00,169,12.83,12.84,12.82,12.83,4736.66,100.0,66.66666666666666,0.0055280410885494,0.0026269910787161,0.0029010500098332,0.15302577191607933
2023-06-23 11:40:00,170,12.83,12.85,12.83,12.84,2989.46,100.0,100.0,0.0070437116773423,0.0035103351984414,0.0035333764789008,0.15302577191607933
2023-06-23 11:45:00,171,12.84,12.85,12.83,12.84,3713.05,100.0,100.0,0.0081509326608433,0.0044384546909217,0.0037124779699215,0.15302577191607933
2023-06-23 11:50:00,172,12.85,12.86,12.84,12.84,4102.11,100.0,100.0,0.008925525366882,0.0053358688261138,0.0035896565407682,0.15302577191607933
2023-06-23 11:55:00,173,12.84,12.85,12.83,12.83,2280.14,0.0,66.66666666666667,0.008632963807603,0.0059952878224116,0.0026376759851913,0.15302577191607933
2023-06-23 12:00:00,174,12.84,12.85,12.83,12.85,5302.47,100.0,66.66666666666667,0.0099008091522403,0.0067763920883774,0.0031244170638629,0.15302577191607933
2023-06-23 12:05:00,175,12.84,12.87,12.83,12.85,3629.28,100.0,66.66666666666667,0.010781305543027,0.0075773747793073,0.0032039307637196,0.15302577191607933
2023-06-23 12:10:00,176,12.86,12.87,12.82,12.86,5509.08,100.0,100.0,0.0121460100595349,0.0084911018353528,0.0036549082241821,0.15302577191607933
2023-06-23 12:15:00,177,12.85,12.86,12.83,12.84,3641.13,1.4350294610781913,67.14500982035939,0.0114813653353227,0.0090891545353468,0.0023922107999758,0.15302577191607933
2023-06-23 12:20:00,178,12.83,12.83,12.79,12.79,4426.75,0.0,33.81167648702606,0.0068411865304813,0.0086395609343737,-0.0017983744038923,0.15302577191607933
2023-06-23 12:25:00,179,12.79,12.8,12.77,12.78,4163.82,0.0,0.4783431536927291,0.0023300357685052,0.0073776559012,-0.0050476201326948,0.15302577191607933
2023-06-23 12:30:00,180,12.78,12.8,12.75,12.76,5784.57,0.0,-1.3322676295501878e-15,-0.0028263363187228,0.0053368574572154,-0.0081631937759383,0.15302577191607933
2023-06-23 12:35:00,181,12.76,12.77,12.69,12.72,16950.34,0.0,-1.3322676295501878e-15,-0.0100249032096417,0.002264505323844,-0.0122894085334857,0.15302577191607933
2023-06-23 12:40:00,182,12.71,12.73,12.69,12.72,9397.94,2.7864727309094612e-14,7.955974806814684e-15,-0.0155505621331872,-0.0012985081675622,-0.014252053965625,0.15302577191607933
2023-06-23 12:45:00,183,12.73,12.76,12.71,12.75,6609.05,97.65443849030152,32.551479496767186,-0.0173094053110851,-0.0045006875962668,-0.0128087177148183,0.15302577191607933
2023-06-23 12:50:00,184,12.74,12.77,12.73,12.77,9485.17,100.0,65.88481283010053,-0.0168947165722741,-0.0069794933914682,-0.0099152231808058,0.15302577191607933
2023-06-23 12:55:00,185,12.76,12.76,12.74,12.75,6980.85,75.50974686580973,91.05472845203708,-0.017972727200588,-0.0091781401532922,-0.0087945870472958,0.15302577191607933
2023-06-23 13:00:00,186,12.75,12.78,12.74,12.76,2341.11,93.0426500828351,89.51746564954829,-0.0178147842204854,-0.0109054689667308,-0.0069093152537545,0.15302577191607933
2023-06-23 13:05:00,187,12.76,12.78,12.76,12.78,2622.07,100.0,89.51746564954829,-0.0158925806409691,-0.0119028913015785,-0.0039896893393905,0.15302577191607933
2023-06-23 13:10:00,188,12.78,12.79,12.76,12.78,4220.44,100.0,97.68088336094505,-0.0142054686554118,-0.0123634067723451,-0.0018420618830666,0.15302577191607933
2023-06-23 13:15:00,189,12.77,12.78,12.75,12.77,3429.97,70.44992821964014,90.14997607321338,-0.013519492385754,-0.0125946238950269,-0.000924868490727,0.15302577191607933
2023-06-23 13:20:00,190,12.76,12.77,12.75,12.75,1022.71,0.0,56.816642739880045,-0.0144234198965822,-0.012960383095338,-0.0014630368012442,0.15302577191607933
2023-06-23 13:25:00,191,12.75,12.76,12.73,12.75,2396.48,0.0,23.48330940654671,-0.0149672557538238,-0.0133617576270351,-0.0016054981267886,0.15302577191607933
2023-06-23 13:30:00,192,12.75,12.75,12.71,12.72,4368.83,0.0,-4.736951571734001e-15,-0.0176159333541825,-0.0142125927724646,-0.0034033405817178,0.15302577191607933
2023-06-23 13:35:00,193,12.73,12.73,12.69,12.7,3962.17,0.0,-4.736951571734001e-15,-0.0210857983304855,-0.0155872338840688,-0.0054985644464166,0.15302577191607933
2023-06-23 13:40:00,194,12.69,12.74,12.68,12.73,5374.56,98.34711119519328,32.78237039839776,-0.0211708971201183,-0.0167039665312787,-0.0044669305888395,0.15302577191607933
2023-06-23 13:45:00,195,12.72,12.74,12.64,12.64,15448.77,0.0,32.78237039839776,-0.0281757933556416,-0.0189983318961513,-0.0091774614594903,0.15302577191607933
2023-06-23 13:50:00,196,12.64,12.7,12.62,12.68,20506.55,73.74234769802605,57.363152964406446,-0.030151985068878,-0.0212290625306966,-0.0089229225381813,0.15302577191607933
2023-06-23 13:55:00,197,12.69,12.73,12.69,12.7,9583.47,100.0,57.914115899342015,-0.0297612294588063,-0.0229354959163185,-0.0068257335424877,0.15302577191607933
2023-06-23 14:00:00,198,12.69,12.7,12.65,12.68,5635.23,79.58145236610054,84.44126668804219,-0.0307113641864269,-0.0244906695703402,-0.0062206946160866,0.15302577191607933
2023-06-23 14:05:00,199,12.67,12.71,12.66,12.71,7171.0,100.0,93.19381745536684,-0.0287126222871396,-0.0253350601137001,-0.0033775621734395,0.15302577191607933
2023-06-23 14:10:00,200,12.7,12.71,12.66,12.69,8049.4,60.3121002573533,79.96451754115127,-0.0284148886362771,-0.0259510258182155,-0.0024638628180616,0.15302577191607933
2023-06-23 14:15:00,201,12.69,12.75,12.68,12.75,10952.62,100.0,86.77070008578443,-0.023071480349861,-0.0253751167245446,0.0023036363746835,0.15302577191607933
2023-06-23 14:20:00,202,12.75,12.76,12.71,12.72,5453.24,66.40651519802886,75.57287181846071,-0.0210152888964021,-0.0245031511589161,0.003487862262514,0.15302577191607933
2023-06-23 14:25:00,203,12.72,12.76,12.72,12.76,7023.56,100.0,88.80217173267629,-0.0159739390237891,-0.0227973087318907,0.0068233697081015,0.15302577191607933
2023-06-23 14:30:00,204,12.75,12.76,12.73,12.76,5488.16,99.99999999999989,88.80217173267624,-0.0118421242914141,-0.0206062718437954,0.0087641475523812,0.15302577191607933
2023-06-23 14:35:00,205,12.76,12.79,12.75,12.78,5552.81,100.0,99.99999999999996,-0.0068745529279699,-0.0178599280606303,0.0109853751326604,0.15302577191607933
2023-06-23 14:40:00,206,12.78,12.78,12.75,12.76,2440.38,60.83140891744927,86.94380297248306,-0.0044996801739571,-0.0151878784832957,0.0106881983093385,0.15302577191607933
2023-06-23 14:45:00,207,12.76,12.82,12.76,12.8,18957.78,100.0,86.94380297248308,0.0006031367150729,-0.0120296754436219,0.0126328121586949,0.15302577191607933
2023-06-23 14:50:00,208,12.8,12.83,12.79,12.79,14650.6,68.39198452604711,76.40779781449879,0.0037964760245401,-0.0088644451499895,0.0126609211745296,0.15302577191607933
2023-06-23 14:55:00,209,12.8,12.81,12.77,12.81,8086.16,100.0,89.46399484201571,0.0078505569533291,-0.0055214447293258,0.0133720016826549,0.15302577191607933
2023-06-23 15:00:00,210,12.8,12.84,12.79,12.83,11603.96,100.0,89.46399484201571,0.0125328077442237,-0.0019105942346159,0.0144434019788396,0.15302577191607933
2023-06-23 15:05:00,211,12.83,12.88,12.82,12.86,13782.54,100.0,100.0,0.0184515762243346,0.0021618398571742,0.0162897363671604,0.15302577191607933
2023-06-23 15:10:00,212,12.86,12.87,12.82,12.85,7115.14,76.73460533122864,92.24486844374287,0.0220807928258537,0.0061456304509101,0.0159351623749436,0.15302577191607933
2023-06-23 15:15:00,213,12.85,12.94,12.84,12.92,22846.04,100.0,92.24486844374287,0.0302566087635032,0.0109678261134287,0.0192887826500744,0.15302577191607933
2023-06-23 15:20:00,214,12.93,12.96,12.89,12.93,15398.18,100.0,92.24486844374287,0.0371150787002516,0.0161972766307933,0.0209178020694583,0.15302577191607933
2023-06-23 15:25:00,215,12.92,12.93,12.83,12.9,19914.27,25.62753951552657,75.20917983850886,0.039672397554396,0.0208923008155138,0.0187800967388821,0.15302577191607933
2023-06-23 15:30:00,216,12.89,12.93,12.88,12.93,7495.8,62.5030839836093,62.710207833045295,0.0436170502457695,0.025437250701565,0.0181797995442045,0.15302577191607933
2023-06-23 15:35:00,217,12.92,12.97,12.91,12.95,12353.67,80.40733038888158,56.179317962672485,0.0478059712974658,0.0299109948207451,0.0178949764767207,0.15302577191607933
2023-06-23 15:40:00,218,12.95,13.02,12.95,12.99,21984.55,100.0,80.97013812416363,0.0537339752975416,0.0346755909161044,0.0190583843814371,0.15302577191607933
2023-06-23 15:45:00,219,12.98,13.03,12.97,13.02,16096.39,100.0,93.4691101296272,0.0601592322742661,0.0397723191877368,0.0203869130865293,0.15302577191607933
2023-06-23 15:50:00,220,13.03,13.18,13.02,13.13,56770.9,100.0,100.0,0.0732826189964939,0.0464743791494882,0.0268082398470056,0.15302577191607933
2023-06-23 15:55:00,221,13.14,13.2,13.13,13.16,28273.49,100.0,100.0,0.085122507522497,0.0542040048240899,0.030918502698407,0.15302577191607933
2023-06-23 16:00:00,222,13.17,13.21,13.12,13.21,36028.59,100.0,100.0,0.0974173203844941,0.0628466679361708,0.0345706524483233,0.15302577191607933
2023-06-23 16:05:00,223,13.21,13.35,13.19,13.28,56515.86,100.0,100.0,0.1115238852150106,0.0725821113919387,0.0389417738230718,0.15302577191607933
2023-06-23 16:10:00,224,13.28,13.31,13.24,13.3,27609.26,100.0,100.0,0.1229005512763539,0.0826457993688218,0.040254751907532,0.15302577191607933
2023-06-23 16:15:00,225,13.3,13.3,13.16,13.26,35646.24,0.0,66.66666666666667,0.1272224343583037,0.0915611263667181,0.0356613079915855,0.15302577191607933
2023-06-23 16:20:00,226,13.26,13.27,13.01,13.13,87641.35,0.0,33.333333333333336,0.118788326409879,0.0970065663753503,0.0217817600345286,0.15302577191607933
2023-06-23 16:25:00,227,13.13,13.17,13.09,13.14,32856.97,2.750147903132153,0.9167159677107176,0.111624414753308,0.0999301360509418,0.0116942787023661,0.15302577191607933
2023-06-23 16:30:00,228,13.14,13.2,13.12,13.18,15218.14,13.553833277572055,5.43466039356807,0.107930473543707,0.1015302035494949,0.006400269994212,0.15302577191607933
2023-06-23 16:35:00,229,13.18,13.18,13.09,13.16,15191.82,5.079085803862519,7.127688994855576,0.1022109415584786,0.1016663511512916,0.0005445904071869,0.15302577191607933
2023-06-23 16:40:00,230,13.16,13.21,13.15,13.19,30747.81,89.42868366488418,36.02053424877292,0.0989581920936029,0.1011247193397539,-0.002166527246151,0.15302577191607933
2023-06-23 16:45:00,231,13.2,13.24,13.16,13.23,55601.83,100.0,64.8359231562489,0.0984728961642122,0.1005943547046455,-0.0021214585404333,0.15302577191607933
2023-06-23 16:50:00,232,13.24,13.37,13.23,13.33,64775.32,100.0,96.47622788829472,0.1049476882860389,0.1014650214209242,0.0034826668651146,0.15302577191607933
2023-06-23 16:55:00,233,13.34,13.35,13.27,13.29,15921.79,50.97859676396499,83.65953225465499,0.105633662873954,0.1022987497115302,0.0033349131624238,0.15302577191607933
2023-06-23 17:00:00,234,13.29,13.37,13.28,13.35,18717.7,77.14875962368629,76.04245212921708,0.1097536297120758,0.1037897257116393,0.0059639040004364,0.15302577191607933
2023-06-23 17:05:00,235,13.35,13.36,13.29,13.34,18978.29,43.18490293561467,57.10408644108864,0.1109330495457943,0.1052183904784703,0.0057146590673239,0.15302577191607933
2023-06-23 17:10:00,236,13.34,13.4,13.33,13.38,21713.49,79.84759377310642,66.7270854441358,0.1137837853181285,0.1069314694464019,0.0068523158717265,0.15302577191607933
2023-06-23 17:15:00,237,13.37,13.47,13.34,13.46,22481.0,100.0,74.34416556957369,0.1211023528284407,0.1097656461228097,0.011336706705631,0.15302577191607933
2023-06-23 17:20:00,238,13.46,13.47,13.37,13.4,24619.07,0.0,59.9491979243688,0.1206698646632613,0.1119464898309,0.0087233748323613,0.15302577191607933
2023-06-23 17:25:00,239,13.4,13.45,13.39,13.45,10133.51,34.15791959957215,44.71930653319072,0.1229444694949499,0.11414608576371,0.0087983837312399,0.15302577191607933
2023-06-23 17:30:00,240,13.44,13.46,13.41,13.42,14052.37,0.0,11.385973199857384,0.1209323283289514,0.1155033342767583,0.0054289940521931,0.15302577191607933
2023-06-23 17:35:00,241,13.42,13.44,13.41,13.44,11958.95,13.239318345884495,15.799079315152218,0.1195731598561167,0.1163172993926299,0.0032558604634867,0.15302577191607933
2023-06-23 17:40:00,242,13.43,13.49,13.43,13.48,13528.98,92.73896908944786,35.326095811777456,0.1203365103704907,0.1171211415882021,0.0032153687822886,0.15302577191607933
2023-06-23 17:45:00,243,13.48,13.49,13.44,13.46,8138.56,20.577962576924257,42.18541667075221,0.1179677791738278,0.1172904691053272,0.0006773100685005,0.15302577191607933
2023-06-23 17:50:00,244,13.46,13.5,13.45,13.48,21775.52,58.20735034128488,57.174760669219005,0.1163630150832943,0.1171049783009207,-0.0007419632176263,0.15302577191607933
2023-06-23 17:55:00,245,13.48,13.48,13.46,13.47,10072.82,0.0,26.261770972736382,0.1129819262364844,0.1162803678880334,-0.003298441651549,0.15302577191607933
2023-06-23 18:00:00,246,13.46,13.47,13.44,13.45,7471.91,0.0,19.402450113761628,0.1074499400888537,0.1145142823281975,-0.0070643422393437,0.15302577191607933
2023-06-23 18:05:00,247,13.46,13.49,13.45,13.47,14037.27,34.99853369824409,11.6661778994147,0.1034867037613498,0.1123087666148279,-0.0088220628534781,0.15302577191607933
2023-06-23 18:10:00,248,13.46,13.46,13.42,13.45,7419.6,0.0,11.6661778994147,0.0976068268237178,0.1093683786566059,-0.0117615518328881,0.15302577191607933
2023-06-23 18:15:00,249,13.45,13.45,13.34,13.34,21183.82,0.0,11.6661778994147,0.0831128283475237,0.1041172685947895,-0.0210044402472657,0.15302577191607933
2023-06-23 18:20:00,250,13.34,13.37,13.32,13.33,10311.77,0.0,2.3684757858670005e-15,0.0700122559989679,0.0972962660756252,-0.0272840100766572,0.15302577191607933
2023-06-23 18:25:00,251,13.33,13.34,13.25,13.32,31080.35,0.0,2.3684757858670005e-15,0.0581526935492568,0.0894675515703515,-0.0313148580210946,0.15302577191607933
2023-06-23 18:30:00,252,13.31,13.32,13.25,13.25,7987.85,0.0,2.3684757858670005e-15,0.0426142592248481,0.0800968931012508,-0.0374826338764026,0.15302577191607933
2023-06-23 18:35:00,253,13.25,13.26,13.21,13.25,16807.04,0.0,2.3684757858670005e-15,0.0299546396347842,0.0700684424079575,-0.0401138027731732,0.15302577191607933
2023-06-23 18:40:00,254,13.25,13.28,13.24,13.27,7201.72,31.950966253964964,10.65032208465499,0.021290212438755,0.060312796414117,-0.0390225839753619,0.15302577191607933
2023-06-23 18:45:00,255,13.28,13.29,13.24,13.26,5975.62,21.62565827895741,17.85887484430746,0.0134614992516794,0.0509425369816295,-0.03748103772995,0.15302577191607933
2023-06-23 18:50:00,256,13.26,13.27,13.23,13.27,9024.56,100.0,51.1922081776408,0.0079722054526705,0.0423484706758377,-0.0343762652231672,0.15302577191607933
2023-06-23 18:55:00,257,13.27,13.28,13.25,13.26,6470.0,59.03035507440712,60.218671117788176,0.0027829045508518,0.0344353574508405,-0.0316524528999887,0.15302577191607933
2023-06-23 19:00:00,258,13.26,13.29,13.25,13.25,10732.1,0.0,53.010118358135706,-0.0021122218485878,0.0271258415909548,-0.0292380634395427,0.15302577191607933
2023-06-23 19:05:00,259,13.25,13.29,13.25,13.28,10703.66,100.0,53.010118358135706,-0.0035302015421834,0.0209946329643272,-0.0245248345065106,0.15302577191607933
2023-06-23 19:10:00,260,13.28,13.31,13.27,13.3,1779.31,100.0,66.66666666666667,-0.0030054824811269,0.0161946098752363,-0.0192000923563633,0.15302577191607933
2023-06-23 19:15:00,261,13.3,13.33,13.3,13.31,6628.93,100.0,100.0,-0.0017624064933361,0.0126032066015218,-0.014365613094858,0.15302577191607933
2023-06-23 19:20:00,262,13.3,13.31,13.29,13.29,2327.85,66.06149828191761,88.68716609397252,-0.0023638437508424,0.009609796531049,-0.0119736402818914,0.15302577191607933
2023-06-23 19:25:00,263,13.3,13.3,13.27,13.28,5330.69,0.0,55.35383276063919,-0.0036058376847751,0.0069666696878841,-0.0105725073726593,0.15302577191607933
2023-06-23 19:30:00,264,13.29,13.29,13.26,13.29,3027.51,37.28577342758076,34.44909056983278,-0.0037400968901657,0.0048253163722741,-0.0085654132624399,0.15302577191607933
2023-06-23 19:35:00,265,13.28,13.29,13.13,13.2,53257.38,0.0,12.428591142526908,-0.0109821507190037,0.0016638229540186,-0.0126459736730223,0.15302577191607933
2023-06-23 19:40:00,266,13.19,13.23,13.19,13.21,5755.21,14.804554789741283,17.363442739107338,-0.0157332510040593,-0.0018155918375969,-0.0139176591664623,0.15302577191607933
2023-06-23 19:45:00,267,13.22,13.23,13.2,13.22,6248.08,29.895375049554925,14.899976613098724,-0.0184786059168047,-0.0051481946534385,-0.0133304112633661,0.15302577191607933
2023-06-23 19:50:00,268,13.23,13.25,13.21,13.25,3617.58,73.40127310853578,39.36706764927732,-0.0180257802112144,-0.0077237117649937,-0.0103020684462207,0.15302577191607933
2023-06-23 19:55:00,269,13.25,13.27,13.24,13.26,3067.54,100.0,67.76554938603022,-0.0166678594423199,-0.0095125413004589,-0.0071553181418609,0.15302577191607933
2023-06-23 20:00:00,270,13.26,13.31,13.26,13.31,3173.32,100.0,91.13375770284524,-0.011425410299255,-0.0098951151002181,-0.0015302951990368,0.15302577191607933
2023-06-23 20:05:00,271,13.3,13.33,13.3,13.32,5829.21,100.0,100.0,-0.0063901534458654,-0.0091941227693476,0.0028039693234821,0.15302577191607933
2023-06-23 20:10:00,272,13.32,13.33,13.29,13.32,8832.66,100.0,100.0,-0.0023723293761648,-0.007829764090711,0.0054574347145462,0.15302577191607933
2023-06-23 20:15:00,273,13.33,13.35,13.32,13.32,8401.41,100.0,100.0,0.0008025735773191,-0.006103296557105,0.0069058701344241,0.15302577191607933
2023-06-23 20:20:00,274,13.32,13.36,13.3,13.35,3498.81,100.0,100.0,0.0056740494117875,-0.0037478273633265,0.009421876775114,0.15302577191607933
2023-06-23 20:25:00,275,13.34,13.35,13.32,13.32,3538.14,0.0,66.66666666666664,0.0070329088329597,-0.0015916801240692,0.0086245889570289,0.15302577191607933
2023-06-23 20:30:00,276,13.32,13.36,13.32,13.34,7328.21,51.10257361449496,50.367524538164965,0.0096128367688308,0.0006492232545107,0.00896361351432,0.15302577191607933
2023-06-23 20:35:00,277,13.33,13.36,13.32,13.35,7202.76,76.06217942526565,42.38825101325352,0.0123223206300551,0.0029838427296196,0.0093384779004354,0.15302577191607933
2023-06-23 20:40:00,278,13.35,13.37,13.35,13.37,1764.55,100.0,75.72158434658685,0.0159001519101593,0.0055671045657275,0.0103330473444317,0.15302577191607933
2023-06-23 20:45:00,279,13.36,13.41,13.35,13.4,24286.06,100.0,92.02072647508857,0.0209152601562774,0.0086367356838375,0.0122785244724398,0.15302577191607933
2023-06-23 20:50:00,280,13.39,13.41,13.37,13.41,3722.52,100.0,100.0,0.0254038462732495,0.0119901578017199,0.0134136884715296,0.15302577191607933
2023-06-23 20:55:00,281,13.41,13.51,13.41,13.41,20799.87,100.0,100.0,0.0286310422763111,0.0153183346966381,0.013312707579673,0.15302577191607933
2023-06-23 21:00:00,282,13.41,13.49,13.41,13.47,10806.9,100.0,100.0,0.0356195172955047,0.0193785712164114,0.0162409460790932,0.15302577191607933
2023-06-23 21:05:00,283,13.47,13.49,13.46,13.48,3944.63,100.0,100.0,0.0414866186091682,0.0238001806949628,0.0176864379142053,0.15302577191607933
2023-06-23 21:10:00,284,13.47,13.48,13.43,13.47,8716.91,65.55333308776797,88.51777769592265,0.0448128476314497,0.0280027140822602,0.0168101335491895,0.15302577191607933
2023-06-23 21:15:00,285,13.47,13.48,13.45,13.46,3776.56,30.976693300157148,65.51000879597503,0.0461104590006851,0.0316242630659452,0.0144861959347399,0.15302577191607933
2023-06-23 21:20:00,286,13.46,13.47,13.39,13.42,8874.51,0.0,32.176675462641704,0.0434107475777132,0.0339815599682988,0.0094291876094144,0.15302577191607933
2023-06-23 21:25:00,287,13.41,13.45,13.41,13.44,6641.06,19.168604944225148,16.715099414794096,0.0423963212767795,0.0356645122299949,0.0067318090467845,0.15302577191607933
2023-06-23 21:30:00,288,13.43,13.46,13.38,13.38,15624.87,0.0,6.389534981408381,0.0363320690891324,0.0357980236018224,0.0005340454873099,0.15302577191607933
2023-06-23 21:35:00,289,13.39,13.41,13.35,13.38,11117.82,8.220137737767288e-14,6.389534981408407,0.0311668336818407,0.0348717856178261,-0.0037049519359853,0.15302577191607933
2023-06-23 21:40:00,290,13.37,13.39,13.35,13.35,6357.39,0.0,2.4868995751603507e-14,0.0243716568392962,0.0327717598621201,-0.0084001030228239,0.15302577191607933
2023-06-23 21:45:00,291,13.35,13.36,13.21,13.23,18100.25,0.0,2.4868995751603507e-14,0.0091974110869994,0.0280568901070959,-0.0188594790200965,0.15302577191607933
2023-06-23 21:50:00,292,13.23,13.29,13.23,13.25,6195.94,18.088687783251935,6.02956259441731,-0.0012006151985559,0.0222053890459656,-0.0234060042445215,0.15302577191607933
2023-06-23 21:55:00,293,13.26,13.27,13.22,13.24,4028.58,12.912610171174562,10.33376598480883,-0.0101312555624684,0.0157380601242787,-0.0258693156867472,0.15302577191607933
2023-06-23 22:00:00,294,13.24,13.25,13.22,13.23,4989.38,10.35743624667272,13.786244733699736,-0.0178104609124005,0.0090283559169429,-0.0268388168293434,0.15302577191607933
2023-06-23 22:05:00,295,13.23,13.23,13.17,13.18,26409.52,0.0,7.756682139282424,-0.0276125681134882,0.0017001711108566,-0.0293127392243449,0.15302577191607933
2023-06-23 22:10:00,296,13.17,13.21,13.14,13.19,16609.14,29.574348386522036,13.310594877731582,-0.0341798877939591,-0.0054758406701064,-0.0287040471238527,0.15302577191607933
2023-06-23 22:15:00,297,13.19,13.19,13.13,13.14,6764.75,0.0,9.858116128840676,-0.0429243133237413,-0.0129655352008334,-0.0299587781229078,0.15302577191607933
2023-06-23 22:20:00,298,13.15,13.15,13.09,13.11,15385.93,0.0,9.858116128840676,-0.0516793553960912,-0.020708299239885,-0.0309710561562062,0.15302577191607933
2023-06-23 22:25:00,299,13.11,13.17,13.11,13.15,6863.7,100.0,33.333333333333336,-0.0547588971291741,-0.0275184188177428,-0.0272404783114313,0.15302577191607933
2023-06-23 22:30:00,300,13.15,13.19,13.15,13.16,6588.76,100.0,66.66666666666667,-0.0557498896878101,-0.0331647129917563,-0.0225851766960538,0.15302577191607933
2023-06-23 22:35:00,301,13.16,13.18,13.15,13.17,4623.07,100.0,100.0,-0.0550932611831775,-0.0375504226300405,-0.017542838553137,0.15302577191607933
2023-06-23 22:40:00,302,13.18,13.19,13.17,13.19,2353.62,100.0,100.0,-0.0523555236233281,-0.040511442828698,-0.01184408079463,0.15302577191607933
2023-06-23 22:45:00,303,13.18,13.21,13.18,13.2,3165.92,100.0,100.0,-0.0488162076020977,-0.042172395783378,-0.0066438118187196,0.15302577191607933
2023-06-23 22:50:00,304,13.19,13.21,13.19,13.21,2115.32,100.0,100.0,-0.0446892083535317,-0.0426757582974087,-0.0020134500561229,0.15302577191607933
2023-06-23 22:55:00,305,13.2,13.22,13.2,13.21,1149.96,99.9999999999999,99.99999999999996,-0.0409465256561816,-0.0423299117691633,0.0013833861129817,0.15302577191607933
2023-06-23 23:00:00,306,13.21,13.22,13.2,13.22,1059.29,100.0,99.99999999999996,-0.0367498765268496,-0.0412139047207006,0.0044640281938509,0.15302577191607933
2023-06-23 23:05:00,307,13.22,13.24,13.22,13.24,2841.02,100.0,99.99999999999996,-0.0314476599551287,-0.0392606557675862,0.0078129958124574,0.15302577191607933
2023-06-23 23:10:00,308,13.24,13.26,13.22,13.26,12288.84,100.0,100.0,-0.0253396821857734,-0.0364764610512236,0.0111367788654502,0.15302577191607933
2023-06-23 23:15:00,309,13.26,13.27,13.23,13.27,14160.39,100.0,100.0,-0.0194677374127945,-0.0330747163235378,0.0136069789107433,0.15302577191607933
2023-06-23 23:20:00,310,13.27,13.28,13.25,13.25,1978.47,56.81370628065598,85.60456876021867,-0.0162407979192895,-0.0297079326426881,0.0134671347233986,0.15302577191607933
2023-06-23 23:25:00,311,13.25,13.27,13.24,13.24,1419.69,0.0,52.27123542688533,-0.0143252094509378,-0.0266313880043381,0.0123061785534002,0.15302577191607933
2023-06-23 23:30:00,312,13.24,13.26,13.23,13.26,1333.54,66.73599208759488,41.18323278941696,-0.0110657004292846,-0.0235182504893274,0.0124525500600427,0.15302577191607933
2023-06-23 23:35:00,313,13.27,13.29,13.26,13.27,1466.74,98.81818317625893,55.18472508795127,-0.0075881283988792,-0.0203322260712377,0.0127440976723585,0.15302577191607933
2023-06-23 23:40:00,314,13.27,13.27,13.24,13.26,820.46,62.08612623172374,75.88010049852585,-0.0055747813277786,-0.0173807371225459,0.0118059557947672,0.15302577191607933
2023-06-23 23:45:00,315,13.25,13.25,13.21,13.24,2898.0,0.0,53.63476980266089,-0.0055292839777383,-0.0150104464935844,0.0094811625158461,0.15302577191607933
2023-06-23 23:50:00,316,13.25,13.27,13.25,13.26,1506.4,65.6017206496965,42.56261562714009,-0.0038351845271051,-0.0127753941002885,0.0089402095731834,0.15302577191607933
2023-06-23 23:55:00,317,13.27,13.29,13.27,13.29,394.91,100.0,55.20057354989884,-7.103043299672152e-05,-0.0102345213668302,0.0101634909338334,0.15302577191607933
2023-06-24 00:00:00,318,13.28,13.28,13.22,13.22,5086.93,0.0,55.20057354989884,-0.0027051429754116,-0.0087286456885465,0.0060235027131348,0.15302577191607933
2023-06-24 00:05:00,319,13.22,13.26,13.19,13.23,5608.85,14.382010157327455,38.12733671910916,-0.0039403577254475,-0.0077709880959267,0.0038306303704791,0.15302577191607933
2023-06-24 00:10:00,320,13.23,13.25,13.17,13.21,23840.25,0.0,4.794003385775828,-0.0064586558033905,-0.0075085216374194,0.0010498658340289,0.15302577191607933
2023-06-24 00:15:00,321,13.22,13.24,13.2,13.24,10274.42,39.34283586622056,17.908282007849348,-0.005964916054733,-0.0071998005208821,0.0012348844661491,0.15302577191607933
2023-06-24 00:20:00,322,13.25,13.26,13.23,13.24,2788.55,100.0,46.44761195540686,-0.0055101066669838,-0.0068618617501025,0.0013517550831187,0.15302577191607933
2023-06-24 00:25:00,323,13.24,13.26,13.21,13.25,7438.46,100.0,79.7809452887402,-0.0042932604894954,-0.006348141497981,0.0020548810084856,0.15302577191607933
2023-06-24 00:30:00,324,13.25,13.28,13.24,13.27,4306.94,100.0,100.0,-0.0016955233363109,-0.005417617865647,0.0037220945293361,0.15302577191607933
2023-06-24 00:35:00,325,13.28,13.29,13.24,13.24,2987.89,0.0,66.66666666666667,-0.0020340993748551,-0.0047409141674886,0.0027068147926335,0.15302577191607933
2023-06-24 00:40:00,326,13.23,13.29,13.2,13.27,6176.37,91.88575618398106,63.96191872799369,0.0001169775108991,-0.0037693358318111,0.0038863133427102,0.15302577191607933
2023-06-24 00:45:00,327,13.27,13.27,13.19,13.25,12324.19,27.46986555691511,39.78520724696539,0.0002055194867924,-0.0029743647680903,0.0031798842548828,0.15302577191607933
2023-06-24 00:50:00,328,13.24,13.29,13.24,13.27,8871.61,87.47435446689065,68.94332540259562,0.0018679894737552,-0.0020058939197212,0.0038738833934764,0.15302577191607933
2023-06-24 00:55:00,329,13.27,13.28,13.22,13.23,4914.75,0.0,38.314740007935264,-4.167637091967436e-05,-0.0016130504099609,0.0015713740390412,0.15302577191607933
2023-06-24 01:00:00,330,13.23,13.26,13.2,13.24,6932.35,25.00422613300429,37.49286019996499,-0.0007396575726321,-0.0014383718424951,0.000698714269863,0.15302577191607933
2023-06-24 01:05:00,331,13.24,13.27,13.24,13.26,2630.16,76.32322881312378,33.77581831537604,0.0003173618000715,-0.0010872251139818,0.0014045869140534,0.15302577191607933
2023-06-24 01:10:00,332,13.25,13.27,13.22,13.25,2441.76,49.90720042464281,50.411551790256965,0.000344173424839,-0.0008009454062176,0.0011451188310567,0.15302577191607933
2023-06-24 01:15:00,333,13.25,13.27,13.22,13.23,975.08,0.0,42.0768097459222,-0.0012341841161518,-0.0008875931482044,-0.0003465909679473,0.15302577191607933
2023-06-24 01:20:00,334,13.23,13.26,13.22,13.24,1271.8,36.43318812820195,28.780129517614924,-0.0016590034532129,-0.0010418752092061,-0.0006171282440067,0.15302577191607933
2023-06-24 01:25:00,335,13.24,13.24,13.18,13.2,2625.15,0.0,12.144396042733987,-0.0051638162847762,-0.0018662634243201,-0.003297552860456,0.15302577191607933
2023-06-24 01:30:00,336,13.21,13.22,13.15,13.18,13933.16,0.0,12.144396042733987,-0.0094463469501349,-0.0033822801294831,-0.0060640668206517,0.15302577191607933
2023-06-24 01:35:00,337,13.17,13.21,13.14,13.19,5366.26,22.745127917956733,7.581709305985583,-0.0118962345432205,-0.0050850710122306,-0.0068111635309899,0.15302577191607933
2023-06-24 01:40:00,338,13.18,13.22,13.18,13.2,2601.44,45.52950675280043,22.75821155691906,-0.0128823717224957,-0.0066445311542836,-0.006237840568212,0.15302577191607933
2023-06-24 01:45:00,339,13.19,13.2,13.18,13.19,3331.2,61.51125037321282,43.26196168132333,-0.0143058994644071,-0.0081768048163083,-0.0061290946480988,0.15302577191607933
2023-06-24 01:50:00,340,13.18,13.2,13.18,13.2,2497.05,100.0,69.01358570867109,-0.014460447986254,-0.0094335334502974,-0.0050269145359565,0.15302577191607933
2023-06-24 01:55:00,341,13.2,13.22,13.19,13.21,3080.02,100.0,87.17041679107093,-0.0136190207827286,-0.0102706309167837,-0.0033483898659449,0.15302577191607933
2023-06-24 02:00:00,342,13.22,13.24,13.22,13.22,950.21,100.0,100.0,-0.0120068596314446,-0.0106178766597159,-0.0013889829717287,0.15302577191607933
2023-06-24 02:05:00,343,13.23,13.23,13.2,13.2,2605.63,40.777558936818885,80.25918631227296,-0.0122023816966052,-0.0109347776670937,-0.0012676040295114,0.15302577191607933
2023-06-24 02:10:00,344,13.2,13.21,13.19,13.21,1749.44,63.2520288175583,68.0098625847924,-0.0114187892211994,-0.0110315799779149,-0.0003872092432845,0.15302577191607933
2023-06-24 02:15:00,345,13.21,13.25,13.21,13.25,6510.98,100.0,68.0098625847924,-0.0074838516496278,-0.0103220343122574,0.0028381826626296,0.15302577191607933
2023-06-24 02:20:00,346,13.25,13.26,13.24,13.25,9610.17,100.0,87.75067627251944,-0.0043156372941286,-0.0091207549086317,0.004805117614503,0.15302577191607933
2023-06-24 02:25:00,347,13.26,13.27,13.24,13.27,2397.42,100.0,100.0,-0.0001887954225079,-0.0073343630114069,0.007145567588899,0.15302577191607933
2023-06-24 02:30:00,348,13.27,13.29,13.27,13.28,5484.84,100.0,100.0,0.0038443575586484,-0.0050986188973958,0.0089429764560443,0.15302577191607933
2023-06-24 02:35:00,349,13.29,13.32,13.29,13.31,4975.0,100.0,100.0,0.0093535873010512,-0.0022081776577064,0.0115617649587577,0.15302577191607933
2023-06-24 02:40:00,350,13.3,13.32,13.3,13.31,5610.72,100.0,100.0,0.0135633418023513,0.000946126234305,0.0126172155680462,0.15302577191607933
2023-06-24 02:45:00,351,13.31,13.33,13.31,13.32,2490.08,100.0,100.0,0.0175047353084725,0.0042578480491385,0.0132468872593339,0.15302577191607933
2023-06-24 02:50:00,352,13.32,13.34,13.32,13.33,2840.56,100.0,100.0,0.0211909583083276,0.0076444701009763,0.0135464882073512,0.15302577191607933
2023-06-24 02:55:00,353,13.33,13.35,13.32,13.34,1643.5,100.0,100.0,0.0246352531565516,0.0110426267120914,0.0135926264444602,0.15302577191607933
2023-06-24 03:00:00,354,13.35,13.36,13.32,13.33,2061.67,26.112085472863395,75.37069515762113,0.0262553103378504,0.0140851634372432,0.0121701469006071,0.15302577191607933
2023-06-24 03:05:00,355,13.32,13.34,13.32,13.33,1628.55,0.0,42.0373618242878,0.0272253800914281,0.0167132067680802,0.0105121733233479,0.15302577191607933
2023-06-24 03:10:00,356,13.34,13.36,13.33,13.35,2021.09,100.0,42.0373618242878,0.029270587105298,0.0192246828355238,0.0100459042697742,0.15302577191607933
2023-06-24 03:15:00,357,13.36,13.36,13.33,13.34,903.13,0.0,33.333333333333336,0.029741668530919,0.0213280799746028,0.0084135885563162,0.15302577191607933
2023-06-24 03:20:00,358,13.34,13.34,13.32,13.32,2898.86,0.0,33.333333333333336,0.0281763714309821,0.0226977382658787,0.0054786331651034,0.15302577191607933
2023-06-24 03:25:00,359,13.32,13.32,13.31,13.32,213.71,0.0,0.0,0.0266289008093103,0.023483970774565,0.0031449300347453,0.15302577191607933
2023-06-24 03:30:00,360,13.32,13.34,13.31,13.33,1358.17,21.623498582022943,7.207832860674315,0.0259107525922246,0.0239693271380969,0.0019414254541276,0.15302577191607933
2023-06-24 03:35:00,361,13.32,13.32,13.31,13.31,1444.98,0.0,7.207832860674315,0.0234573800279296,0.0238669377160634,-0.0004095576881338,0.15302577191607933
2023-06-24 03:40:00,362,13.32,13.33,13.32,13.33,1759.95,69.78497713879636,30.46949190693977,0.0228633430612834,0.0236662187851074,-0.000802875723824,0.15302577191607933
2023-06-24 03:45:00,363,13.34,13.37,13.32,13.37,20221.51,100.0,56.59499237959879,0.0253282617562327,0.0239986273793325,0.0013296343769001,0.15302577191607933
2023-06-24 03:50:00,364,13.36,13.38,13.36,13.37,4351.89,100.0,89.92832571293212,0.0269708247023459,0.0245930668439352,0.0023777578584107,0.15302577191607933
2023-06-24 03:55:00,365,13.38,13.39,13.36,13.36,4657.54,71.69780687325014,90.56593562441672,0.0271526523700735,0.0251049839491628,0.0020476684209107,0.15302577191607933
2023-06-24 04:00:00,366,13.36,13.38,13.36,13.37,2371.27,79.32497546324356,83.67426077883124,0.0277833988063829,0.0256406669206068,0.002142731885776,0.15302577191607933
2023-06-24 04:05:00,367,13.37,13.37,13.3,13.32,4122.49,0.0,50.340927445497904,0.0239723494467245,0.0253070034258304,-0.0013346539791058,0.15302577191607933
2023-06-24 04:10:00,368,13.32,13.37,13.32,13.37,1941.22,58.40593500286533,45.910303488702965,0.0247018993849206,0.0251859826176484,-0.0004840832327278,0.15302577191607933
2023-06-24 04:15:00,369,13.37,13.39,13.36,13.37,6480.1,64.59313415699212,40.999689719952485,0.0249919809674405,0.0251471822876068,-0.0001552013201662,0.15302577191607933
2023-06-24 04:20:00,370,13.37,13.38,13.36,13.38,2316.54,76.26170432678634,66.42025782888128,0.0257321647603845,0.0252641787821624,0.0004679859782221,0.15302577191607933
2023-06-24 04:25:00,371,13.39,13.4,13.39,13.39,1252.18,100.0,80.2849461612595,0.026816557592344,0.0255746545441987,0.0012419030481452,0.15302577191607933
2023-06-24 04:30:00,372,13.39,13.39,13.37,13.37,990.05,0.0,58.75390144226211,0.0257651097245936,0.0256127455802777,0.0001523641443159,0.15302577191607933
2023-06-24 04:35:00,373,13.37,13.37,13.32,13.32,5023.61,0.0,33.333333333333336,0.0206591023099793,0.024622016926218,-0.0039629146162386,0.15302577191607933
2023-06-24 04:40:00,374,13.32,13.34,13.32,13.34,2815.42,23.83244041459103,7.944146804863677,0.0180186793804661,0.0233013494170676,-0.0052826700366014,0.15302577191607933
2023-06-24 04:45:00,375,13.33,13.34,13.31,13.32,3126.62,0.4455261503331996,8.09265552164141,0.014149189286055,0.0214709173908651,-0.0073217281048101,0.15302577191607933
2023-06-24 04:50:00,376,13.32,13.33,13.29,13.29,2348.67,0.0,8.09265552164141,0.0085631307871754,0.0188893600701272,-0.0103262292829517,0.15302577191607933
2023-06-24 04:55:00,377,13.3,13.32,13.3,13.31,1082.44,45.8761732044728,15.440566451602,0.0056844452876276,0.0162483771136272,-0.0105639318259996,0.15302577191607933
2023-06-24 05:00:00,378,13.31,13.31,13.29,13.31,2166.73,45.8761732044728,30.58411546964853,0.0033642849072137,0.0136715586723445,-0.0103072737651308,0.15302577191607933
2023-06-24 05:05:00,379,13.31,13.33,13.3,13.32,2347.55,100.0,63.91744880298186,0.0023058768039572,0.0113984222986671,-0.0090925454947098,0.15302577191607933
2023-06-24 05:10:00,380,13.32,13.34,13.32,13.34,1405.79,100.0,81.95872440149093,0.0030458034831255,0.0097278985355588,-0.0066820950524332,0.15302577191607933
2023-06-24 05:15:00,381,13.35,13.35,13.32,13.32,651.18,32.77569833232846,77.59189944410949,0.0019953665111582,0.0081813921306786,-0.0061860256195204,0.15302577191607933
2023-06-24 05:20:00,382,13.32,13.34,13.3,13.33,3759.18,66.49618625739407,66.42396152990752,0.0019473561597731,0.0069345849364975,-0.0049872287767244,0.15302577191607933
2023-06-24 05:25:00,383,13.33,13.34,13.32,13.34,1684.92,99.8471490809968,66.37301122357312,0.0026852699168404,0.0060847219325661,-0.0033994520157256,0.15302577191607933
2023-06-24 05:30:00,384,13.34,13.34,13.31,13.32,2008.99,0.0,55.44777844613029,0.0016373645137797,0.0051952504488088,-0.0035578859350291,0.15302577191607933
2023-06-24 05:35:00,385,13.32,13.33,13.29,13.3,1300.13,0.0,33.282383026998936,-0.0007977450129903,0.003996651356449,-0.0047943963694393,0.15302577191607933
2023-06-24 05:40:00,386,13.3,13.32,13.3,13.32,1349.26,53.89976358972108,17.96658786324036,-0.0011010616506261,0.0029771087550339,-0.0040781704056601,0.15302577191607933
2023-06-24 05:45:00,387,13.31,13.33,13.31,13.32,1597.32,53.89976358972099,35.93317572648069,-0.0013261551798215,0.0021164559680628,-0.0034426111478844,0.15302577191607933
2023-06-24 05:50:00,388,13.32,13.32,13.3,13.32,3304.91,100.0,69.26650905981403,-0.0014873976294218,0.0013956852485659,-0.0028830828779877,0.15302577191607933
2023-06-24 05:55:00,389,13.32,13.36,13.31,13.33,5864.24,100.0,84.63325452990699,-0.0007990559858939,0.0009567370016739,-0.0017557929875678,0.15302577191607933
2023-06-24 06:00:00,390,13.33,13.33,13.3,13.3,2915.77,0.0,66.66666666666667,-0.002643813319473,0.0002366269374445,-0.0028804402569176,0.15302577191607933
2023-06-24 06:05:00,391,13.29,13.3,13.27,13.28,2760.94,0.0,33.333333333333336,-0.0056544486854459,-0.0009415881871335,-0.0047128604983124,0.15302577191607933
2023-06-24 06:10:00,392,13.28,13.29,13.26,13.27,1415.88,0.0,0.0,-0.0087464912236256,-0.0025025687944319,-0.0062439224291937,0.15302577191607933
2023-06-24 06:15:00,393,13.28,13.29,13.26,13.26,974.17,0.0,0.0,-0.0118670773578273,-0.004375470507111,-0.0074916068507162,0.15302577191607933
2023-06-24 06:20:00,394,13.25,13.26,13.21,13.24,5188.19,0.0,0.0,-0.0157721852708601,-0.0066548134598608,-0.0091173718109992,0.15302577191607933
2023-06-24 06:25:00,395,13.25,13.26,13.25,13.25,1557.66,44.21187994666515,14.73729331555505,-0.0178542819517719,-0.008894707158243,-0.0089595747935288,0.15302577191607933
2023-06-24 06:30:00,396,13.25,13.27,13.25,13.25,584.14,59.933392892414,34.71509094635972,-0.0192820866795333,-0.0109721830625011,-0.0083099036170322,0.15302577191607933
2023-06-24 06:35:00,397,13.25,13.25,13.23,13.23,2336.4,0.0,34.71509094635972,-0.021776439823169,-0.0131330344146347,-0.0086434054085343,0.15302577191607933
2023-06-24 06:40:00,398,13.24,13.26,13.24,13.25,920.94,100.0,53.31113096413801,-0.0218870989548136,-0.0148838473226705,-0.0070032516321431,0.15302577191607933
2023-06-24 06:45:00,399,13.25,13.25,13.22,13.22,830.04,17.21290118255033,39.07096706085012,-0.0241175344687238,-0.0167305847518811,-0.0073869497168427,0.15302577191607933
2023-06-24 06:50:00,400,13.22,13.24,13.22,13.23,4997.09,64.40518012401954,60.53936043552329,-0.0247924621851076,-0.0183429602385264,-0.0064495019465811,0.15302577191607933
2023-06-24 06:55:00,401,13.23,13.24,13.23,13.23,1662.96,64.40518012401954,48.67442047686313,-0.0250387165248948,-0.0196821114958001,-0.0053566050290947,0.15302577191607933
2023-06-24 07:00:00,402,13.24,13.24,13.21,13.21,3106.42,0.0,42.93678674934636,-0.0265417509332763,-0.0210540393832954,-0.0054877115499809,0.15302577191607933
2023-06-24 07:05:00,403,13.21,13.21,13.19,13.19,1111.61,0.0,21.46839337467318,-0.0290123134933093,-0.0226456942052981,-0.0063666192880111,0.15302577191607933
2023-06-24 07:10:00,404,13.2,13.21,13.18,13.19,2509.47,0.0,0.0,-0.030617314775462,-0.0242400183193309,-0.006377296456131,0.15302577191607933
2023-06-24 07:15:00,405,13.2,13.22,13.18,13.21,7817.37,100.0,33.33333333333333,-0.0299304375489377,-0.0253781021652523,-0.0045523353836854,0.15302577191607933
2023-06-24 07:20:00,406,13.21,13.23,13.21,13.23,5038.94,100.0,66.66666666666667,-0.0274557566729001,-0.0257936330667818,-0.0016621236061182,0.15302577191607933
2023-06-24 07:25:00,407,13.23,13.24,13.22,13.23,2040.5,100.0,100.0,-0.025204018018762,-0.0256757100571779,0.0004716920384158,0.15302577191607933
2023-06-24 07:30:00,408,13.24,13.24,13.21,13.22,1327.69,82.23701090647437,94.07900363549146,-0.0239503308336832,-0.0253306342124789,0.0013803033787957,0.15302577191607933
2023-06-24 07:35:00,409,13.21,13.21,13.19,13.19,1913.74,0.0,60.745670302158125,-0.025088321434163,-0.0252821716568157,0.0001938502226527,0.15302577191607933
2023-06-24 07:40:00,410,13.19,13.19,13.15,13.16,5240.1,0.0,27.41233696882479,-0.028087165107653,-0.0258431703469832,-0.0022439947606698,0.15302577191607933
2023-06-24 07:45:00,411,13.17,13.18,13.14,13.17,4690.03,24.849062257831378,8.28302075261046,-0.0293188840528948,-0.0265383130881655,-0.0027805709647292,0.15302577191607933
2023-06-24 07:50:00,412,13.16,13.18,13.16,13.17,1695.29,30.128963695432947,18.326008651088102,-0.0299497876817529,-0.027220608006883,-0.0027291796748698,0.15302577191607933
2023-06-24 07:55:00,413,13.17,13.18,13.12,13.14,9755.88,0.0,18.326008651088102,-0.0324959396681041,-0.0282756743391272,-0.0042202653289768,0.15302577191607933
2023-06-24 08:00:00,414,13.14,13.2,13.14,13.18,6413.98,100.0,43.37632123181098,-0.0309295808007945,-0.0288064556314607,-0.0021231251693338,0.15302577191607933
2023-06-24 08:05:00,415,13.19,13.21,13.18,13.21,3550.48,100.0,66.66666666666667,-0.0269567403115829,-0.0284365125674851,0.0014797722559022,0.15302577191607933
2023-06-24 08:10:00,416,13.22,13.22,13.2,13.21,3953.61,100.0,100.0,-0.0235369166768819,-0.0274565933893645,0.0039196767124825,0.15302577191607933
2023-06-24 08:15:00,417,13.22,13.22,13.2,13.2,1988.1,88.9091806164391,96.30306020547972,-0.0213870615023807,-0.0262426870119677,0.0048556255095869,0.15302577191607933
2023-06-24 08:20:00,418,13.19,13.2,13.18,13.19,1254.51,40.97981325747708,76.62966462463874,-0.0202566956362915,-0.0250454887368325,0.004788793100541,0.15302577191607933
2023-06-24 08:25:00,419,13.19,13.19,13.17,13.17,1641.73,0.0,43.2963312913054,-0.0207356774148674,-0.0241835264724395,0.003447849057572,0.15302577191607933
2023-06-24 08:30:00,420,13.18,13.18,13.14,13.15,3377.8,0.0,13.659937752492368,-0.0224700856184245,-0.0238408383016365,0.0013707526832119,0.15302577191607933
2023-06-24 08:35:00,421,13.14,13.15,13.12,13.14,3599.84,0.0,7.105427357601002e-15,-0.0243706038905173,-0.0239467914194126,-0.0004238124711046,0.15302577191607933
2023-06-24 08:40:00,422,13.15,13.15,13.1,13.13,7085.48,0.0,7.105427357601002e-15,-0.0263796070508135,-0.0244333545456928,-0.0019462525051206,0.15302577191607933
2023-06-24 08:45:00,423,13.14,13.14,13.12,13.13,3719.44,0.0,7.105427357601002e-15,-0.0276529900732587,-0.025077281651206,-0.0025757084220526,0.15302577191607933
2023-06-24 08:50:00,424,13.13,13.13,13.11,13.12,3401.23,0.0,7.105427357601002e-15,-0.0291332418421461,-0.025888473689394,-0.0032447681527521,0.15302577191607933
2023-06-24 08:55:00,425,13.13,13.14,13.12,13.13,2450.18,100.0,33.33333333333334,-0.0291632597027593,-0.0265434308920671,-0.0026198288106922,0.15302577191607933
2023-06-24 09:00:00,426,13.13,13.14,13.11,13.11,2680.54,1.2126589762011206,33.73755299206705,-0.0304498747251464,-0.0273247196586829,-0.0031251550664634,0.15302577191607933
2023-06-24 09:05:00,427,13.11,13.13,13.11,13.12,3803.59,100.0,67.0708863254004,-0.0303131785207462,-0.0279224114310956,-0.0023907670896505,0.15302577191607933
2023-06-24 09:10:00,428,13.13,13.14,13.1,13.11,7291.79,48.56890755115251,49.92718884245122,-0.0306583518247549,-0.0284695995098274,-0.0021887523149274,0.15302577191607933
2023-06-24 09:15:00,429,13.12,13.14,13.11,13.13,3400.88,100.0,82.85630251705085,-0.0289839622273273,-0.0285724720533274,-0.0004114901739998,0.15302577191607933
2023-06-24 09:20:00,430,13.13,13.14,13.12,13.13,4112.76,100.0,82.85630251705085,-0.0273418169617958,-0.0283263410350211,0.0009845240732253,0.15302577191607933
2023-06-24 09:25:00,431,13.13,13.15,13.13,13.14,4171.27,100.0,100.0,-0.0249459274578978,-0.0276502583195964,0.0027043308616986,0.15302577191607933
2023-06-24 09:30:00,432,13.15,13.15,13.11,13.12,2113.85,54.35012548899172,84.78337516299726,-0.0243799635735566,-0.0269961993703885,0.0026162357968318,0.15302577191607933
2023-06-24 09:35:00,433,13.13,13.13,13.11,13.11,1397.11,0.0,51.45004182966392,-0.0244564310308561,-0.026488245702482,0.0020318146716258,0.15302577191607933
2023-06-24 09:40:00,434,13.12,13.15,13.11,13.14,735.05,100.0,51.45004182966392,-0.0218444732719795,-0.0255594912163815,0.0037150179444019,0.15302577191607933
2023-06-24 09:45:00,435,13.14,13.15,13.13,13.15,2350.84,100.0,66.66666666666669,-0.0187514069563672,-0.0241978743643786,0.0054464674080114,0.15302577191607933
2023-06-24 09:50:00,436,13.15,13.18,13.15,13.16,2645.3,100.0,100.0,-0.015316652356315,-0.0224216299627659,0.0071049776064508,0.15302577191607933
2023-06-24 09:55:00,437,13.16,13.18,13.16,13.18,1443.05,100.0,100.0,-0.0108556149647487,-0.0201084269631625,0.0092528119984137,0.15302577191607933
2023-06-24 10:00:00,438,13.17,13.18,13.15,13.16,3572.97,46.60118066243302,82.20039355414436,-0.0088322310828701,-0.017853187787104,0.0090209567042339,0.15302577191607933
2023-06-24 10:05:00,439,13.15,13.19,13.15,13.19,2264.21,100.0,82.20039355414436,-0.0047531442115076,-0.0152331790719847,0.0104800348604771,0.15302577191607933
2023-06-24 10:10:00,440,13.19,13.2,13.18,13.2,660.73,100.0,82.20039355414436,-0.0007053907457788,-0.0123276214067435,0.0116222306609647,0.15302577191607933
2023-06-24 10:15:00,441,13.2,13.2,13.18,13.2,2050.75,100.0,100.0,0.0024739647130775,-0.0093673041827793,0.0118412688958569,0.15302577191607933
2023-06-24 10:20:00,442,13.19,13.21,13.18,13.2,2007.71,100.0,100.0,0.0049367193920897,-0.0065064994678055,0.0114432188598952,0.15302577191607933
2023-06-24 10:25:00,443,13.2,13.21,13.19,13.21,8145.8,100.0,100.0,0.0076076899310066,-0.003683661588043,0.0112913515190497,0.15302577191607933
2023-06-24 10:30:00,444,13.21,13.21,13.17,13.18,2681.53,0.0,66.66666666666669,0.007220470952312,-0.001502835079972,0.008723306032284,0.15302577191607933
2023-06-24 10:35:00,445,13.17,13.18,13.14,13.16,3009.41,0.0,33.33333333333335,0.0052393680949052,-0.0001543944449965,0.0053937625399018,0.15302577191607933
2023-06-24 10:40:00,446,13.16,13.16,13.15,13.15,398.76,0.0,2.3684757858670007e-14,0.0028297932853131,0.0004424431010653,0.0023873501842478,0.15302577191607933
2023-06-24 10:45:00,447,13.16,13.18,13.16,13.17,593.21,31.904682205139714,10.634894068379928,0.0025051430124385,0.0008549830833399,0.0016501599290985,0.15302577191607933
2023-06-24 10:50:00,448,13.17,13.18,13.17,13.18,1415.35,100.0,43.96822740171326,0.0030199595449431,0.0012879783756606,0.0017319811692825,0.15302577191607933
2023-06-24 10:55:00,449,13.17,13.18,13.16,13.17,2647.32,65.76776403287599,65.89081541267193,0.0025911695399845,0.0015486166085254,0.0010425529314591,0.15302577191607933
2023-06-24 11:00:00,450,13.18,13.18,13.15,13.17,2146.06,65.76776403287599,77.17850935525068,0.0022256939572962,0.0016840320782795,0.0005416618790166,0.15302577191607933
2023-06-24 11:05:00,451,13.16,13.16,13.14,13.15,2322.36,0.0,43.84517602191735,0.0003185470596651,0.0014109350745566,-0.0010923880148915,0.15302577191607933
2023-06-24 11:10:00,452,13.15,13.18,13.15,13.16,2647.19,37.29409687759227,34.35395363682277,-0.0003815657183618,0.0010524349159729,-0.0014340006343348,0.15302577191607933
2023-06-24 11:15:00,453,13.16,13.17,13.14,13.15,1816.69,6.760255928692368,14.684784268761565,-0.0017234595960946,0.0004972560135594,-0.0022207156096541,0.15302577191607933
2023-06-24 11:20:00,454,13.15,13.16,13.13,13.14,2519.2,0.0,14.684784268761565,-0.0035528811858149,-0.0003127714263154,-0.0032401097594995,0.15302577191607933
2023-06-24 11:25:00,455,13.14,13.15,13.13,13.14,2622.54,1.386670951661197e-13,2.2534186428975205,-0.0049457000246455,-0.0012393571459814,-0.003706342878664,0.15302577191607933
2023-06-24 11:30:00,456,13.15,13.16,13.14,13.15,2067.47,67.91281534162431,22.63760511387484,-0.0051828578040762,-0.0020280572776004,-0.0031548005264758,0.15302577191607933
2023-06-24 11:35:00,457,13.16,13.16,13.15,13.16,954.17,100.0,55.97093844720817,-0.0045118804768016,-0.0025248219174406,-0.0019870585593609,0.15302577191607933
2023-06-24 11:40:00,458,13.16,13.16,13.15,13.16,525.63,99.9999999999999,89.30427178054141,-0.0039347685482908,-0.0028068112436107,-0.0011279573046801,0.15302577191607933
2023-06-24 11:45:00,459,13.15,13.17,13.15,13.17,2354.12,100.0,100.0,-0.0026400538630095,-0.0027734597674904,0.0001334059044808,0.15302577191607933
2023-06-24 11:50:00,460,13.17,13.17,13.15,13.16,2083.56,47.18400696603071,82.39466898867688,-0.0023933109743943,-0.0026974300088712,0.0003041190344769,0.15302577191607933
2023-06-24 11:55:00,461,13.15,13.16,13.15,13.16,2688.87,0.0,49.06133565534359,-0.0021727196972793,-0.0025924879465528,0.0004197682492734,0.15302577191607933
2023-06-24 12:00:00,462,13.16,13.18,13.15,13.17,4750.86,100.0,49.06133565534359,-0.0011774106374637,-0.002309472484735,0.0011320618472712,0.15302577191607933
2023-06-24 12:05:00,463,13.17,13.19,13.17,13.18,4923.26,100.0,66.66666666666669,0.0004135284907391,-0.0017648722896402,0.0021784007803793,0.15302577191607933
2023-06-24 12:10:00,464,13.18,13.18,13.17,13.17,328.77,42.55224870162117,80.85074956720707,0.0008575573975573,-0.0012403863522007,0.002097943749758,0.15302577191607933
2023-06-24 12:15:00,465,13.17,13.2,13.17,13.19,3825.4,100.0,80.85074956720707,0.0027911121547781,-0.0004340866508049,0.003225198805583,0.15302577191607933
2023-06-24 12:20:00,466,13.19,13.21,13.18,13.2,8354.76,100.0,80.85074956720707,0.0050719187348811,0.0006671144263322,0.0044048043085488,0.15302577191607933
2023-06-24 12:25:00,467,13.21,13.23,13.2,13.22,2351.23,100.0,100.0,0.0083965174089257,0.0022129950228509,0.0061835223860748,0.15302577191607933
2023-06-24 12:30:00,468,13.22,13.22,13.2,13.21,3428.57,69.93531677421338,89.97843892473782,0.0101078523540145,0.0037919664890836,0.0063158858649308,0.15302577191607933
2023-06-24 12:35:00,469,13.21,13.22,13.2,13.22,1985.16,76.66021266641467,82.19850981354271,0.0121311734380142,0.0054598078788698,0.0066713655591444,0.15302577191607933
2023-06-24 12:40:00,470,13.21,13.23,13.2,13.2,2895.87,0.0,48.86517648020938,0.0119827079233356,0.0067643878877629,0.0052183200355726,0.15302577191607933
2023-06-24 12:45:00,471,13.21,13.21,13.17,13.17,3006.13,0.0,25.55340422213825,0.0093366713186906,0.0072788445739485,0.0020578267447421,0.15302577191607933
2023-06-24 12:50:00,472,13.17,13.18,13.12,13.13,18626.06,0.0,2.8421709430404014e-14,0.0039662817131294,0.0066163320017846,-0.0026500502886552,0.15302577191607933
2023-06-24 12:55:00,473,13.13,13.13,13.11,13.13,3292.9,0.0,2.8421709430404014e-14,-0.0002864882822617,0.0052357679449754,-0.0055222562272371,0.15302577191607933
2023-06-24 13:00:00,474,13.13,13.14,13.12,13.14,1112.86,17.63147862813374,5.877159542711275,-0.0028174449648918,0.0036251253630019,-0.0064425703278938,0.15302577191607933
2023-06-24 13:05:00,475,13.14,13.14,13.08,13.09,5884.08,0.0,5.877159542711275,-0.0087568845884344,0.0011487233727146,-0.0099056079611491,0.15302577191607933
2023-06-24 13:10:00,476,13.1,13.13,13.07,13.12,3582.43,92.01732387655169,36.549600834895166,-0.01091733575117,-0.0012644884520622,-0.0096528472991077,0.15302577191607933
2023-06-24 13:15:00,477,13.11,13.13,13.11,13.11,2151.59,72.92034451103159,54.97922279586112,-0.0132833036336439,-0.0036682514883786,-0.0096150521452653,0.15302577191607933
2023-06-24 13:20:00,478,13.11,13.12,13.06,13.08,5755.34,21.03380214356605,61.9904901770498,-0.0173787678876209,-0.006410354768227,-0.0109684131193938,0.15302577191607933
2023-06-24 13:25:00,479,13.08,13.1,13.01,13.06,12091.66,0.0,31.318048884865917,-0.0219848579112476,-0.0095252553968311,-0.0124596025144164,0.15302577191607933
2023-06-24 13:30:00,480,13.06,13.09,13.03,13.08,9729.52,58.8335286169124,26.622443586826183,-0.0237476366145301,-0.0123697316403709,-0.0113779049741591,0.15302577191607933
2023-06-24 13:35:00,481,13.08,13.09,13.07,13.07,1933.89,52.272564821499216,37.03536447947057,-0.0256558235004114,-0.015026950012379,-0.0106288734880323,0.15302577191607933
2023-06-24 13:40:00,482,13.06,13.07,13.04,13.05,4073.47,19.049287561369773,43.38512699992717,-0.0284539092543028,-0.0177123418607638,-0.0107415673935389,0.15302577191607933
2023-06-24 13:45:00,483,13.05,13.06,13.01,13.03,14157.15,0.0,23.773950794289703,-0.0319173222038848,-0.020553337929388,-0.0113639842744968,0.15302577191607933
2023-06-24 13:50:00,484,13.03,13.05,13.03,13.05,3662.65,79.43029964666385,32.82652906934458,-0.0326716506150503,-0.0229770004665204,-0.0096946501485299,0.15302577191607933
2023-06-24 13:55:00,485,13.04,13.08,13.04,13.06,3308.64,100.0,59.81009988222132,-0.0320926013575295,-0.0248001206447223,-0.0072924807128072,0.15302577191607933
2023-06-24 14:00:00,486,13.06,13.08,13.05,13.07,1474.07,100.0,93.14343321555464,-0.0304754818383035,-0.0259351928834385,-0.0045402889548649,0.15302577191607933
2023-06-24 14:05:00,487,13.07,13.07,13.02,13.03,9545.5,41.83457149977096,80.61152383325702,-0.0320520921085591,-0.0271585727284626,-0.0048935193800965,0.15302577191607933
2023-06-24 14:10:00,488,13.03,13.08,13.03,13.07,5566.61,100.0,80.61152383325702,-0.0297311788774656,-0.0276730939582632,-0.0020580849192024,0.15302577191607933
2023-06-24 14:15:00,489,13.07,13.09,13.07,13.08,1892.0,100.0,80.61152383325702,-0.0267762619143301,-0.0274937275494766,0.0007174656351465,0.15302577191607933
2023-06-24 14:20:00,490,13.09,13.09,13.07,13.07,1898.98,84.58011057888818,94.86003685962945,-0.0249537342433328,-0.0269857288882478,0.002031994644915,0.15302577191607933
2023-06-24 14:25:00,491,13.07,13.11,13.07,13.1,3503.15,100.0,94.86003685962945,-0.0208482925154189,-0.0257582416136821,0.0049099490982631,0.15302577191607933
2023-06-24 14:30:00,492,13.1,13.13,13.09,13.12,6352.92,100.0,94.86003685962945,-0.0157987493665956,-0.0237663431642648,0.0079675937976691,0.15302577191607933
2023-06-24 14:35:00,493,13.11,13.13,13.1,13.13,2129.63,100.0,100.00000000000004,-0.0108647910663304,-0.0211860327446779,0.0103212416783475,0.15302577191607933
2023-06-24 14:40:00,494,13.13,13.16,13.12,13.14,9316.81,100.0,100.00000000000004,-0.0060776181408659,-0.0181643498239155,0.0120867316830495,0.15302577191607933
2023-06-24 14:45:00,495,13.14,13.15,13.1,13.1,4980.38,0.0,66.6666666666667,-0.0054486066677412,-0.0156212011926806,0.0101725945249394,0.15302577191607933
2023-06-24 14:50:00,496,13.1,13.11,13.09,13.11,2935.36,22.930435483462965,40.976811827821024,-0.0040959782296212,-0.0133161566000688,0.0092201783704475,0.15302577191607933
2023-06-24 14:55:00,497,13.11,13.13,13.1,13.13,4110.59,66.91392704827327,29.94812084391211,-0.0013941071942902,-0.010931746718913,0.0095376395246228,0.15302577191607933
2023-06-24 15:00:00,498,13.12,13.16,13.12,13.14,15925.33,87.97946665981932,59.27460973051856,0.0015363513911612,-0.0084381270968982,0.0099744784880594,0.15302577191607933
2023-06-24 15:05:00,499,13.14,13.14,13.09,13.1,4283.27,0.0,51.6311312360309,0.0006239032584947,-0.0066257210258196,0.0072496242843143,0.15302577191607933
2023-06-24 15:10:00,500,13.1,13.1,13.06,13.1,5375.17,0.0,29.32648888660648,-9.808776576925028e-05,-0.0053201943738095,0.0052221066080403,0.15302577191607933
2023-06-24 15:15:00,501,13.1,13.1,13.02,13.03,16649.72,0.0,3.7895612573872014e-14,-0.0062466780239169,-0.005505491103831,-0.0007411869200859,0.15302577191607933
2023-06-24 15:20:00,502,13.03,13.05,13.01,13.02,11360.74,0.0,3.7895612573872014e-14,-0.0117904831774637,-0.0067624895185575,-0.0050279936589061,0.15302577191607933
2023-06-24 15:25:00,503,13.03,13.05,13.02,13.03,2297.36,18.25072611178896,6.083575370596357,-0.0152018349852003,-0.0084503586118861,-0.0067514763733141,0.15302577191607933
2023-06-24 15:30:00,504,13.02,13.03,12.76,12.91,116185.75,0.0,6.083575370596357,-0.0272739558033947,-0.0122150780501878,-0.0150588777532068,0.15302577191607933
2023-06-24 15:35:00,505,12.91,12.96,12.86,12.88,29389.84,0.0,6.083575370596357,-0.0388145182016579,-0.0175349660804818,-0.021279552121176,0.15302577191607933
2023-06-24 15:40:00,506,12.88,12.92,12.87,12.88,9468.58,0.0,3.7895612573872014e-14,-0.0474139386766303,-0.0235107605997115,-0.0239031780769187,0.15302577191607933
2023-06-24 15:45:00,507,12.88,12.93,12.84,12.93,15922.94,70.01006202816937,23.336687342723163,-0.0496224425966058,-0.0287330969990904,-0.0208893455975154,0.15302577191607933
2023-06-24 15:50:00,508,12.92,12.92,12.82,12.83,35802.21,23.50094624298955,31.170336090386343,-0.0587644619914975,-0.0347393699975718,-0.0240250919939256,0.15302577191607933
2023-06-24 15:55:00,509,12.82,12.87,12.81,12.85,16383.28,57.08814044007022,50.199716237076416,-0.0636618907254824,-0.0405238741431539,-0.0231380165823284,0.15302577191607933
2023-06-24 16:00:00,510,12.85,12.85,12.73,12.77,33602.1,7.231953083315352,29.273679922125076,-0.073155182289426,-0.0470501357724083,-0.0261050465170176,0.15302577191607933
2023-06-24 16:05:00,511,12.77,12.88,12.77,12.84,25623.7,100.0,54.77336450779523,-0.0741752234601573,-0.0524751533099581,-0.0217000701501991,0.15302577191607933
2023-06-24 16:10:00,512,12.85,12.88,12.81,12.88,5186.75,100.0,69.07731769443849,-0.070938216132836,-0.0561677658745337,-0.0147704502583022,0.15302577191607933
2023-06-24 16:15:00,513,12.88,12.88,12.83,12.83,10271.83,75.08730165341213,91.69576721780408,-0.0715822905500882,-0.0592506708096446,-0.0123316197404435,0.15302577191607933
2023-06-24 16:20:00,514,12.83,12.84,12.81,12.81,13083.35,65.71592536385172,80.267742339088,-0.0728665962553414,-0.061973855898784,-0.0108927403565574,0.15302577191607933
2023-06-24 16:25:00,515,12.81,12.83,12.8,12.8,6588.43,0.0,46.934409005754674,-0.0738401509103923,-0.0643471149011056,-0.0094930360092866,0.15302577191607933
2023-06-24 16:30:00,516,12.81,12.84,12.8,12.83,5609.6,69.54809106335489,45.0880054757356,-0.0713682618120952,-0.0657513442833035,-0.0056169175287916,0.15302577191607933
2023-06-24 16:35:00,517,12.83,12.84,12.8,12.82,3664.74,79.565983197832,49.70469142039568,-0.0694160038369382,-0.0664842761940305,-0.0029317276429077,0.15302577191607933
2023-06-24 16:40:00,518,12.82,12.82,12.78,12.8,7394.97,38.40079994844567,62.50495806987757,-0.0686908330149567,-0.0669255875582157,-0.0017652454567409,0.15302577191607933
2023-06-24 16:45:00,519,12.8,12.85,12.8,12.82,2836.65,100.0,72.65559438209262,-0.0657444361257688,-0.0666893572717263,0.0009449211459574,0.15302577191607933
2023-06-24 16:50:00,520,12.83,12.87,12.83,12.85,26387.16,100.0,79.46693331614861,-0.0602936187781057,-0.0654102095730022,0.0051165907948964,0.15302577191607933
2023-06-24 16:55:00,521,12.85,12.88,12.85,12.88,4112.88,100.0,100.00000000000006,-0.0529427662261969,-0.0629167209036411,0.0099739546774442,0.15302577191607933
2023-06-24 17:00:00,522,12.87,12.95,12.86,12.95,8392.34,100.0,100.00000000000006,-0.0409961693125797,-0.0585326105854289,0.0175364412728491,0.15302577191607933
2023-06-24 17:05:00,523,12.95,12.95,12.91,12.93,3509.87,85.16095278623355,95.05365092874456,-0.0327645487185783,-0.0533789982120587,0.0206144494934804,0.15302577191607933
2023-06-24 17:10:00,524,12.92,12.95,12.92,12.94,4670.29,89.12526155708571,91.4287381144398,-0.0251441673561139,-0.0477320320408698,0.0225878646847559,0.15302577191607933
2023-06-24 17:15:00,525,12.95,12.95,12.9,12.92,6726.58,51.78807992582036,75.35809808971327,-0.0204826814754817,-0.0422821619277921,0.0217994804523104,0.15302577191607933
2023-06-24 17:20:00,526,12.91,12.95,12.9,12.95,4841.52,91.54491697845336,77.48608615378653,-0.0142039369083128,-0.0366665169238963,0.0224625800155834,0.15302577191607933
2023-06-24 17:25:00,527,12.95,12.96,12.94,12.94,3692.88,61.31681830183621,68.21660506870337,-0.0099205451601527,-0.0313173225711476,0.0213967774109948,0.15302577191607933
2023-06-24 17:30:00,528,12.94,12.95,12.88,12.88,6032.74,0.0,50.95391176009658,-0.0112378815949529,-0.0273014343759086,0.0160635527809557,0.15302577191607933
2023-06-24 17:35:00,529,12.89,12.91,12.89,12.9,5193.7,29.625787248551703,30.314201850129358,-0.0105464741681444,-0.0239504423343558,0.0134039681662113,0.15302577191607933
2023-06-24 17:40:00,530,12.91,12.91,12.9,12.91,1389.11,44.45567020186442,24.69381915013876,-0.0090868646551971,-0.0209777267985241,0.0118908621433269,0.15302577191607933
2023-06-24 17:45:00,531,12.9,12.93,12.9,12.92,3131.94,70.59420746682429,48.22522163908019,-0.0070420211375861,-0.0181905856663365,0.0111485645287503,0.15302577191607933
2023-06-24 17:50:00,532,12.92,12.94,12.91,12.93,2714.81,100.0,71.68329255622962,-0.0045619640096852,-0.0154648613350062,0.010902897325321,0.15302577191607933
2023-06-24 17:55:00,533,12.92,12.95,12.92,12.93,5160.75,100.0,90.19806915560814,-0.0025669111144956,-0.0128852712909041,0.0103183601764084,0.15302577191607933
2023-06-24 18:00:00,534,12.94,12.97,12.91,12.96,4144.41,100.0,100.00000000000004,0.0014185794571144,-0.0100245011413004,0.0114430805984148,0.15302577191607933
2023-06-24 18:05:00,535,12.96,12.97,12.94,12.95,3930.65,69.04152342101752,89.68050780700588,0.0037272278598621,-0.0072741553410679,0.01100138320093,0.15302577191607933
2023-06-24 18:10:00,536,12.94,12.97,12.94,12.96,4869.84,93.51598905045162,87.5191708238231,0.0062912432425292,-0.0045610756243484,0.0108523188668777,0.15302577191607933
2023-06-24 18:15:00,537,12.97,12.97,12.94,12.95,2907.84,49.20216915972129,70.58656054373019,0.0074306713259009,-0.0021627262342985,0.0095933975601995,0.15302577191607933
2023-06-24 18:20:00,538,12.95,12.97,12.95,12.96,2407.03,74.23414424191786,72.31743415069697,0.0090364264188451,7.710429633015587e-05,0.008959322122515,0.15302577191607933
2023-06-24 18:25:00,539,12.96,12.98,12.95,12.96,1446.73,85.09610570860775,69.51080637008235,0.0101915174299112,0.0020999869230463,0.0080915305068648,0.15302577191607933
2023-06-24 18:30:00,540,12.96,12.96,12.91,12.95,3244.95,0.0,53.11008331684192,0.0101826398182964,0.0037165175020963,0.0064661223162,0.15302577191607933
2023-06-24 18:35:00,541,12.95,12.95,12.92,12.94,1850.48,0.0,28.36536856953597,0.0092619221474521,0.0048255984311675,0.0044363237162846,0.15302577191607933
2023-06-24 18:40:00,542,12.94,12.95,12.94,12.94,2346.74,0.0,5.210646728907401e-14,0.0084350131785857,0.0055474813806511,0.0028875317979345,0.15302577191607933
2023-06-24 18:45:00,543,12.94,12.96,12.94,12.95,3442.2,50.01865645644534,16.67288548548183,0.0084887453177504,0.006135734168071,0.0023530111496794,0.15302577191607933
2023-06-24 18:50:00,544,12.96,12.98,12.95,12.98,2443.57,100.0,50.00621881881517,0.0108272677023641,0.0070740408749296,0.0037532268274345,0.15302577191607933
2023-06-24 18:55:00,545,12.97,12.99,12.96,12.98,2715.25,100.0,83.3395521521485,0.012536055693701,0.0081664438386839,0.0043696118550171,0.15302577191607933
2023-06-24 19:00:00,546,12.98,13.05,12.98,13.03,17329.03,100.0,100.00000000000006,0.0177205926590655,0.0100772736027602,0.0076433190563052,0.15302577191607933
2023-06-24 19:05:00,547,13.03,13.06,13.03,13.05,9214.22,100.0,100.00000000000006,0.0231760493395185,0.0126970287501119,0.0104790205894066,0.15302577191607933
2023-06-24 19:10:00,548,13.05,13.06,13.04,13.06,4431.8,100.0,100.00000000000006,0.0279838738117863,0.0157543977624468,0.0122294760493395,0.15302577191607933
2023-06-24 19:15:00,549,13.06,13.07,13.03,13.03,4304.86,30.34568754398719,76.78189584799578,0.0290386209189854,0.0184112423937545,0.0106273785252309,0.15302577191607933
2023-06-24 19:20:00,550,13.03,13.04,13.02,13.04,3892.21,18.090521868446967,49.47873647081144,0.030331786077971,0.0207953511305978,0.0095364349473732,0.15302577191607933
2023-06-24 19:25:00,551,13.04,13.04,13.01,13.01,3117.88,0.0,16.14540313747811,0.0286061258911018,0.0223575060826986,0.0062486198084032,0.15302577191607933
2023-06-24 19:30:00,552,13.02,13.03,13.0,13.01,1468.11,5.157220063522729e-14,6.030173956149063,0.0269281171875324,0.0232716283036654,0.003656488883867,0.15302577191607933
2023-06-24 19:35:00,553,13.01,13.01,12.98,13.0,2397.17,0.0,7.342274936187702e-14,0.0245088440757594,0.0235190714580842,0.0009897726176752,0.15302577191607933
2023-06-24 19:40:00,554,13.0,13.0,12.99,13.0,336.36,0.0,7.342274936187702e-14,0.0223340991126814,0.0232820769890036,-0.0009479778763222,0.15302577191607933
2023-06-24 19:45:00,555,13.0,13.0,12.97,12.97,3158.08,0.0,5.6232015816801255e-14,0.017982557057703,0.0222221730027435,-0.0042396159450405,0.15302577191607933
2023-06-24 19:50:00,556,12.98,12.99,12.98,12.98,1339.72,24.388748496297364,8.129582832099176,0.0151660206094117,0.0208109425240771,-0.0056449219146654,0.15302577191607933
2023-06-24 19:55:00,557,12.98,12.99,12.98,12.99,802.33,65.00262660903489,29.79712503511081,0.0135842211629242,0.0193655982518465,-0.0057813770889223,0.15302577191607933
2023-06-24 20:00:00,558,12.98,12.99,12.95,12.98,9201.63,30.299374653594526,39.89691658630898,0.0113923928653854,0.0177709571745543,-0.0063785643091689,0.15302577191607933
2023-06-24 20:05:00,559,12.98,12.98,12.96,12.97,1873.77,0.0,31.76733375420986,0.0087475998360844,0.0159662857068603,-0.0072186858707759,0.15302577191607933
2023-06-24 20:10:00,560,12.97,12.99,12.96,12.98,1455.14,53.30091677798285,27.86676381052585,0.0073735015956231,0.0142477288846129,-0.0068742272889898,0.15302577191607933
2023-06-24 20:15:00,561,12.99,12.99,12.97,12.97,1188.65,1.194472828045808,18.16512986867628,0.0054151795941717,0.0124812190265246,-0.0070660394323529,0.15302577191607933
2023-06-24 20:20:00,562,12.98,12.99,12.96,12.97,3222.44,2.2409986549034597,18.91212942031076,0.0038191702814192,0.0107488092775035,-0.0069296389960843,0.15302577191607933
2023-06-24 20:25:00,563,12.97,12.98,12.96,12.96,856.26,0.0,1.145157160983146,0.0017274915289053,0.0089445457277839,-0.0072170541988785,0.15302577191607933
2023-06-24 20:30:00,564,12.95,12.96,12.94,12.94,1422.22,0.0,0.7469995516345435,-0.0015264162290922,0.0068503533364087,-0.0083767695655009,0.15302577191607933
2023-06-24 20:35:00,565,12.94,12.95,12.92,12.93,2723.28,0.0,5.699144859742472e-14,-0.0048560999001256,0.0045090626891018,-0.0093651625892275,0.15302577191607933
2023-06-24 20:40:00,566,12.94,12.95,12.93,12.94,3629.15,35.5569510115697,11.852317003856625,-0.0066117654554922,0.002284897060183,-0.0088966625156752,0.15302577191607933
2023-06-24 20:45:00,567,12.94,12.94,12.88,12.9,17123.44,0.0,11.852317003856625,-0.0111028223384099,-0.0003926468195355,-0.0107101755188743,0.15302577191607933
2023-06-24 20:50:00,568,12.9,12.92,12.9,12.91,2267.98,40.91157617727108,25.489509062946983,-0.0136972079607708,-0.0030535590477826,-0.0106436489129882,0.15302577191607933
2023-06-24 20:55:00,569,12.91,12.91,12.9,12.9,1887.17,17.62725004466514,19.512942073978795,-0.0163714735285953,-0.0057171419439451,-0.0106543315846501,0.15302577191607933
2023-06-24 21:00:00,570,12.9,12.91,12.89,12.89,2606.51,0.0,19.512942073978795,-0.0190778471383872,-0.0083892829828335,-0.0106885641555536,0.15302577191607933
2023-06-24 21:05:00,571,12.89,12.9,12.88,12.88,4789.22,0.0,5.875750014888436,-0.0217785347570167,-0.0110671333376702,-0.0107114014193465,0.15302577191607933
2023-06-24 21:10:00,572,12.88,12.89,12.84,12.84,10178.1,0.0,5.684341886080803e-14,-0.0268371528655499,-0.0142211372432461,-0.0126160156223038,0.15302577191607933
2023-06-24 21:15:00,573,12.84,12.9,12.84,12.9,3278.75,100.0,33.33333333333339,-0.0257082963652219,-0.0165185690676413,-0.0091897272975806,0.15302577191607933
2023-06-24 21:20:00,574,12.9,12.93,12.9,12.9,3660.04,100.0,66.66666666666673,-0.0245308925958465,-0.0181210337732823,-0.0064098588225641,0.15302577191607933
2023-06-24 21:25:00,575,12.9,12.9,12.9,12.9,711.0,100.0,100.00000000000006,-0.0233288709235903,-0.0191626012033439,-0.0041662697202463,0.15302577191607933
