timestamp,Unnamed: 0,open,high,low,close,volume,fastk,fastd,macd,macdsignal,macdhist
2023-06-22 21:30:00,0,12.72,12.73,12.7,12.72,3089.61,,,,,
2023-06-22 21:35:00,1,12.72,12.72,12.7,12.7,7118.54,,,,,
2023-06-22 21:40:00,2,12.71,12.72,12.68,12.68,10329.25,,,,,
2023-06-22 21:45:00,3,12.69,12.72,12.68,12.72,1980.1,,,,,
2023-06-22 21:50:00,4,12.71,12.75,12.71,12.75,2145.31,,,,,
2023-06-22 21:55:00,5,12.74,12.74,12.72,12.74,1049.01,,,,,
2023-06-22 22:00:00,6,12.73,12.73,12.7,12.71,4216.6,,,,,
2023-06-22 22:05:00,7,12.7,12.72,12.69,12.72,2098.58,,,,,
2023-06-22 22:10:00,8,12.72,12.72,12.71,12.72,1453.66,,,,,
2023-06-22 22:15:00,9,12.72,12.73,12.7,12.73,4077.54,,,,,
2023-06-22 22:20:00,10,12.73,12.73,12.7,12.71,1688.87,,,,,
2023-06-22 22:25:00,11,12.71,12.73,12.71,12.71,2249.53,,,,,
2023-06-22 22:30:00,12,12.71,12.72,12.69,12.7,4214.58,,,,,
2023-06-22 22:35:00,13,12.7,12.7,12.68,12.7,718.29,,,,,
2023-06-22 22:40:00,14,12.7,12.7,12.69,12.69,340.55,,,,,
2023-06-22 22:45:00,15,12.69,12.7,12.68,12.68,2993.56,,,,,
2023-06-22 22:50:00,16,12.69,12.69,12.63,12.64,16599.91,,,,,
2023-06-22 22:55:00,17,12.64,12.66,12.62,12.64,10358.14,,,,,
2023-06-22 23:00:00,18,12.63,12.66,12.63,12.63,2022.7,,,,,
2023-06-22 23:05:00,19,12.62,12.65,12.62,12.64,5120.1,,,,,
2023-06-22 23:10:00,20,12.64,12.64,12.62,12.64,2446.05,100.0,46.11780718044316,,,
2023-06-22 23:15:00,21,12.64,12.66,12.64,12.65,1463.04,100.00000000000001,79.45114051377651,,,
2023-06-22 23:20:00,22,12.66,12.67,12.66,12.67,1529.03,100.0,100.0,,,
2023-06-22 23:25:00,23,12.66,12.68,12.66,12.67,1612.28,100.0,100.0,,,
2023-06-22 23:30:00,24,12.67,12.68,12.67,12.68,446.07,100.0,100.0,,,
2023-06-22 23:35:00,25,12.68,12.7,12.67,12.69,1312.61,100.0,100.0,,,
2023-06-22 23:40:00,26,12.69,12.69,12.67,12.67,2533.54,6.882457812615476,68.96081927087182,,,
2023-06-22 23:45:00,27,12.68,12.7,12.67,12.69,1862.56,100.0,68.96081927087182,,,
2023-06-22 23:50:00,28,12.69,12.69,12.65,12.65,1205.43,0.0,35.627485937538495,,,
2023-06-22 23:55:00,29,12.66,12.67,12.65,12.65,1129.02,0.0,33.333333333333336,,,
2023-06-23 00:00:00,30,12.66,12.7,12.64,12.69,3604.72,100.0,33.333333333333336,,,
2023-06-23 00:05:00,31,12.7,12.72,12.68,12.71,4678.29,100.0,66.66666666666667,,,
2023-06-23 00:10:00,32,12.7,12.74,12.7,12.72,6525.8,100.0,100.0,,,
2023-06-23 00:15:00,33,12.71,12.74,12.71,12.72,4739.37,100.0,100.0,-0.004222501859983296,-0.018288956453058464,0.014066454593075168
2023-06-23 00:20:00,34,12.72,12.74,12.71,12.73,4043.51,100.0,100.0,-0.0004046049812416186,-0.014712086158695094,0.014307481177453476
2023-06-23 00:25:00,35,12.72,12.72,12.7,12.71,2612.05,0.0,66.66666666666667,0.0009957940545941568,-0.011570510116037245,0.012566304170631402
2023-06-23 00:30:00,36,12.71,12.73,12.71,12.73,525.01,73.40360402013467,57.801201340044884,0.0036770663014227267,-0.00852099483254525,0.012198061133967977
2023-06-23 00:35:00,37,12.73,12.73,12.71,12.71,1347.95,0.0,24.46786800671155,0.004140432690801887,-0.005988709327875822,0.01012914201867771
2023-06-23 00:40:00,38,12.71,12.73,12.71,12.72,2435.95,31.57468476729082,34.992762929141826,0.005254005415350704,-0.003740166379230517,0.00899417179458122
2023-06-23 00:45:00,39,12.71,12.72,12.69,12.72,3380.47,40.60804466726363,24.060909811518144,0.006066587972583193,-0.0017788155088677747,0.007845403481450967
2023-06-23 00:50:00,40,12.71,12.74,12.7,12.73,3970.95,83.15400103379007,51.77891015611484,0.007431812620302125,6.331011696620518e-05,0.00736850250333592
2023-06-23 00:55:00,41,12.72,12.74,12.72,12.73,5078.4,100.0,74.5873485670179,0.008416740049478122,0.0017339961034685887,0.006682743946009533
2023-06-23 01:00:00,42,12.73,12.75,12.72,12.74,4624.85,100.0,94.38466701126335,0.009890210370919306,0.0033652389569587323,0.006524971413960573
2023-06-23 01:05:00,43,12.74,12.74,12.72,12.73,2841.45,25.922094203683994,75.30736473456133,0.010134208937621736,0.004719032953091333,0.005415175984530403
2023-06-23 01:10:00,44,12.73,12.75,12.72,12.73,7293.78,0.0,41.974031401228,0.01020988634529374,0.005817203631531815,0.004392682713761925
2023-06-23 01:15:00,45,12.73,12.74,12.73,12.73,3851.58,0.0,8.640698067894666,0.010152825780417984,0.006684328061309049,0.0034684977191089357
2023-06-23 01:20:00,46,12.72,12.76,12.72,12.75,3831.97,100.0,33.333333333333336,0.011587860086793356,0.00766503446640591,0.003922825620387446
2023-06-23 01:25:00,47,12.75,12.76,12.73,12.74,3299.74,27.23694949586948,42.41231649862316,0.011782398530970184,0.008488507279318765,0.0032938912516514186
2023-06-23 01:30:00,48,12.75,12.77,12.74,12.75,3690.73,76.33276876089832,67.85657275225593,0.01259826314072754,0.00931045845160052,0.0032878046891270194
2023-06-23 01:35:00,49,12.75,12.75,12.72,12.72,2462.01,0.0,34.5232394189226,0.0107007409615818,0.009588514953596776,0.001112226007985025
2023-06-23 01:40:00,50,12.73,12.74,12.72,12.74,1488.6,46.168126016477565,40.83363159245863,0.01068757411511001,0.009808326785899423,0.0008792473292105873
2023-06-23 01:45:00,51,12.73,12.74,12.72,12.72,2280.25,0.0,15.389375338825857,0.008960020897902155,0.009638665608299969,-0.0006786447103978143
2023-06-23 01:50:00,52,12.72,12.72,12.7,12.71,2052.07,0.0,15.389375338825857,0.0067066954895729225,0.00905227158455456,-0.0023455760949816374
2023-06-23 01:55:00,53,12.71,12.72,12.7,12.7,3611.3,0.0,2.3684757858670005e-15,0.004067119223906346,0.008055241112424918,-0.003988121888518572
2023-06-23 02:00:00,54,12.71,12.72,12.66,12.7,10289.14,0.0,2.3684757858670005e-15,0.0019527262040952564,0.006834738130758985,-0.004882011926663729
2023-06-23 02:05:00,55,12.7,12.71,12.67,12.68,3570.99,0.0,2.3684757858670005e-15,-0.0013215444091940753,0.005203481622768373,-0.006525026031962448
2023-06-23 02:10:00,56,12.68,12.71,12.67,12.7,2813.63,85.38753033164733,28.462510110549108,-0.0022763542126629233,0.0037075144556821134,-0.005983868668345037
2023-06-23 02:15:00,57,12.71,12.72,12.7,12.7,4169.53,100.00000000000001,61.79584344388244,-0.0029984832129592576,0.0023663149219538392,-0.005364798134913097
2023-06-23 02:20:00,58,12.71,12.73,12.7,12.72,2077.28,100.0,95.12917677721578,-0.0019346414529284317,0.0015061236469773851,-0.003440765099905817
2023-06-23 02:25:00,59,12.73,12.75,12.73,12.74,2643.81,100.0,100.0,0.0005163415949933636,0.001308167236580581,-0.0007918256415872173
2023-06-23 02:30:00,60,12.75,12.77,12.74,12.77,4360.77,100.0,100.0,0.004823905617211466,0.002011314912706758,0.002812590704504708
2023-06-23 02:35:00,61,12.76,12.76,12.74,12.75,4346.4,64.95775476265489,88.31925158755162,0.00654836283556115,0.0029187244972776367,0.0036296383382835133
2023-06-23 02:40:00,62,12.76,12.77,12.75,12.76,4297.33,64.80857478544024,76.5887765160317,0.00862252888600068,0.004059485375022246,0.004563043510978434
2023-06-23 02:45:00,63,12.76,12.77,12.75,12.76,2516.0,36.18546202777003,55.317263858621715,0.010149325319979141,0.0052774533640136245,0.004871871955965517
2023-06-23 02:50:00,64,12.76,12.76,12.74,12.76,1501.44,34.146553195638774,45.046863336283,0.011229871525289425,0.006467936996268785,0.0047619345290206404
2023-06-23 02:55:00,65,12.76,12.77,12.75,12.76,6988.39,99.99999999999999,56.777338407802915,0.01194847756620021,0.00756404511025507,0.004384432455945141
2023-06-23 03:00:00,66,12.77,12.77,12.75,12.77,1912.17,100.0,78.0488510652129,0.01317304380832418,0.008685844849868892,0.004487198958455289
2023-06-23 03:05:00,67,12.77,12.78,12.76,12.78,3410.5,100.0,99.99999999999999,0.014780062444650355,0.009904688368825184,0.004875374075825171
2023-06-23 03:10:00,68,12.78,12.8,12.77,12.79,2886.12,100.0,99.99999999999999,0.01666840966747607,0.011257432628555362,0.005410977038920708
2023-06-23 03:15:00,69,12.78,12.79,12.78,12.79,4400.11,99.9999999999998,99.99999999999993,0.017957930600829286,0.012597532223010147,0.005360398377819139
2023-06-23 03:20:00,70,12.78,12.8,12.78,12.79,309.75,99.9999999999997,99.99999999999983,0.018763590242620865,0.01383074382693229,0.004932846415688575
2023-06-23 03:25:00,71,12.79,12.81,12.79,12.79,2878.46,100.0,99.99999999999983,0.019180974973453502,0.014900790056236532,0.00428018491721697
2023-06-23 03:30:00,72,12.8,12.81,12.78,12.78,10851.83,0.0,66.66666666666656,0.018491678395347932,0.015618967724058812,0.0028727106712891203
2023-06-23 03:35:00,73,12.78,12.78,12.76,12.78,2741.61,0.0,33.33333333333333,0.017740899841045987,0.016043354147456248,0.0016975456935897394
2023-06-23 03:40:00,74,12.78,12.8,12.78,12.78,2353.67,0.0,-4.736951571734001e-15,0.01695050752823235,0.01622478482361147,0.0007257227046208806
2023-06-23 03:45:00,75,12.78,12.8,12.78,12.79,209.07,65.60601065556591,21.868670218521967,0.016935806912458773,0.01636698924138093,0.0005688176710778418
2023-06-23 03:50:00,76,12.78,12.79,12.77,12.79,4239.88,100.00000000000001,55.202003551855306,0.016731288687422463,0.016439849130589237,0.00029143955683322634
2023-06-23 03:55:00,77,12.78,12.79,12.78,12.79,46.03,100.00000000000001,88.53533688518864,0.016380383654276187,0.016427956035326628,-4.75723810504404e-05
2023-06-23 04:00:00,78,12.78,12.8,12.77,12.79,3410.19,100.00000000000001,100.0,0.015918787019710834,0.01632612223220347,-0.0004073352124926363
2023-06-23 04:05:00,79,12.79,12.8,12.78,12.8,5127.95,100.0,100.0,0.016173447354228543,0.016295587256608485,-0.00012213990237994188
2023-06-23 04:10:00,80,12.8,12.8,12.78,12.79,2902.43,0.0,66.66666666666667,0.015390933971252352,0.016114656599537258,-0.0007237226282849063
2023-06-23 04:15:00,81,12.78,12.8,12.76,12.77,3252.64,0.0,33.33333333333333,0.013007016831071638,0.015493128645844133,-0.002486111814772495
2023-06-23 04:20:00,82,12.77,12.8,12.76,12.8,1609.11,61.573863393145174,20.524621131048388,0.01338420976305521,0.015071344869286348,-0.0016871351062311378
2023-06-23 04:25:00,83,12.8,12.81,12.77,12.77,1806.94,0.0,20.524621131048388,0.011134042290812829,0.014283884353591644,-0.003149842062778815
2023-06-23 04:30:00,84,12.77,12.81,12.77,12.8,845.03,72.73002740127998,44.76796359814171,0.01163736928787884,0.013754581340449084,-0.0021172120525702436
2023-06-23 04:35:00,85,12.81,12.81,12.78,12.79,2193.35,44.31402020766178,39.01468253631392,0.011101373410504323,0.013223939754460132,-0.0021225663439558094
2023-06-23 04:40:00,86,12.79,12.81,12.79,12.8,382.65,66.5440767280293,61.196041445657016,0.011352643040360988,0.012849680411640304,-0.001497037371279316
2023-06-23 04:45:00,87,12.81,12.81,12.79,12.8,4706.98,91.49463997982515,67.45091230517208,0.011420131861015648,0.012563770701515372,-0.0011436388404997243
2023-06-23 04:50:00,88,12.81,12.81,12.8,12.8,1219.55,78.2307534232327,78.75649004369572,0.011342863764820521,0.012319589314176402,-0.0009767255493558814
2023-06-23 04:55:00,89,12.81,12.81,12.79,12.8,819.32,100.0,89.90846446768596,0.011153062677889736,0.012086283986919069,-0.0009332213090293331
2023-06-23 05:00:00,90,12.79,12.82,12.79,12.81,2677.81,100.0,92.74358447441091,0.011674978490944454,0.012004022887724146,-0.00032904439677969126
2023-06-23 05:05:00,91,12.81,12.81,12.8,12.8,4712.18,0.0,66.66666666666667,0.01115311790583462,0.011833841891346241,-0.0006807239855116214
2023-06-23 05:10:00,92,12.8,12.81,12.79,12.8,949.93,0.0,33.33333333333334,0.010617151716294515,0.011590503856335897,-0.0009733521400413815
2023-06-23 05:15:00,93,12.8,12.82,12.79,12.8,4397.44,0.0,9.473903143468002e-15,0.010076242004075198,0.011287651485883756,-0.0012114094818085584
2023-06-23 05:20:00,94,12.81,12.82,12.8,12.81,3098.5,82.29876849095065,27.432922830316894,0.010335344172519356,0.011097190023210876,-0.0007618458506915195
2023-06-23 05:25:00,95,12.8,12.83,12.8,12.82,4130.92,100.0,60.76625616365023,0.011218283544689456,0.011121408727506592,9.687481718286331e-05
2023-06-23 05:30:00,96,12.82,12.83,12.81,12.82,1730.92,100.00000000000001,94.09958949698357,0.011782201473943488,0.011253567276793972,0.0005286341971495155
2023-06-23 05:35:00,97,12.83,12.84,12.82,12.82,1858.55,100.00000000000001,100.00000000000001,0.012089747413114083,0.011420803304057994,0.0006689441090560883
2023-06-23 05:40:00,98,12.82,12.84,12.82,12.82,2588.98,100.0,100.00000000000001,0.012192927309465418,0.011575228105139479,0.0006176992043259392
2023-06-23 05:45:00,99,12.83,12.83,12.81,12.81,3536.78,0.0,66.66666666666669,0.011337094723309349,0.011527601428773453,-0.0001905067054641038
2023-06-23 05:50:00,100,12.82,12.83,12.81,12.82,801.25,66.09749725812101,55.36583241937368,0.011335093754402337,0.01148909989389923,-0.00015400613949689314
2023-06-23 05:55:00,101,12.83,12.83,12.82,12.82,1337.47,66.0974972581208,44.064998172080614,0.01120435118611951,0.011432150152343286,-0.00022779896622377588
2023-06-23 06:00:00,102,12.82,12.83,12.81,12.82,4864.9,66.0974972581208,66.09749725812088,0.010974232636199233,0.011340566649114476,-0.00036633401291524294
2023-06-23 06:05:00,103,12.82,12.83,12.81,12.82,1606.79,100.0,77.39833150541388,0.010668877844823399,0.01120622888825626,-0.0005373510434328616
2023-06-23 06:10:00,104,12.82,12.83,12.81,12.82,7747.72,100.0,88.69916575270695,0.010308057106911406,0.01102659453198729,-0.0007185374250758842
2023-06-23 06:15:00,105,12.82,12.84,12.81,12.84,3663.03,100.0,100.0,0.011503333655760173,0.011121942356741866,0.00038139129901830666
2023-06-23 06:20:00,106,12.83,12.85,12.83,12.85,3930.02,100.0,100.0,0.013106432562628001,0.011518840397919092,0.0015875921647089085
2023-06-23 06:25:00,107,12.84,12.84,12.83,12.83,1686.2,0.0,66.66666666666667,0.01261761908438963,0.0117385961352132,0.0008790229491764303
2023-06-23 06:30:00,108,12.84,12.84,12.83,12.83,2592.25,0.0,33.333333333333336,0.012090855030676195,0.011809047914305799,0.0002818071163703962
2023-06-23 06:35:00,109,12.84,12.84,12.82,12.83,2389.29,0.0,0.0,0.011540360629268775,0.011755310457298395,-0.00021494982802961957
2023-06-23 06:40:00,110,12.83,12.84,12.82,12.82,6701.5,0.0,0.0,0.010179826717861218,0.01144021370941096,-0.0012603869915497421
2023-06-23 06:45:00,111,12.82,12.82,12.79,12.79,4289.5,0.0,0.0,0.006604709531227826,0.010473112873774334,-0.003868403342546508
2023-06-23 06:50:00,112,12.8,12.81,12.77,12.78,5839.8,0.0,0.0,0.002930703649607125,0.008964631028940892,-0.006033927379333767
2023-06-23 06:55:00,113,12.78,12.81,12.78,12.8,2674.31,42.09374812866035,14.031249376220117,0.001614252276262107,0.007494555278405135,-0.005880303002143028
2023-06-23 07:00:00,114,12.8,12.81,12.77,12.77,3387.88,3.411669087781696,15.168472405480683,-0.0018287139253772011,0.005629901437648667,-0.007458615363025868
2023-06-23 07:05:00,115,12.78,12.79,12.77,12.77,4073.36,5.9121528620494805,17.139190026163842,-0.004505354522953198,0.0036028502455282938,-0.008108204768481491
2023-06-23 07:10:00,116,12.76,12.78,12.76,12.76,4781.04,0.0,3.107940649943726,-0.00734881533845666,0.0014125171287313028,-0.008761332467187962
2023-06-23 07:15:00,117,12.75,12.77,12.74,12.74,7256.6,0.0,1.9707176206831605,-0.01108829244076226,-0.0010876447851674098,-0.01000064765559485
2023-06-23 07:20:00,118,12.74,12.75,12.73,12.75,4870.56,65.05578943348844,21.685263144496147,-0.013093999088543029,-0.003488915645842534,-0.009605083442700495
2023-06-23 07:25:00,119,12.75,12.77,12.75,12.77,3085.51,100.0,55.018596477829476,-0.012920760717561208,-0.005375284660186269,-0.00754547605737494
2023-06-23 07:30:00,120,12.76,12.8,12.76,12.76,6046.17,79.02365567602916,81.35981503650586,-0.013435508310466915,-0.006987329390242398,-0.006448178920224517
2023-06-23 07:35:00,121,12.77,12.77,12.76,12.77,2739.51,100.0,93.00788522534305,-0.012887968580573173,-0.008167457228308552,-0.00472051135226462
2023-06-23 07:40:00,122,12.76,12.77,12.75,12.77,3160.88,100.0,93.00788522534305,-0.012312113024895766,-0.008996388387625995,-0.0033157246372697707
2023-06-23 07:45:00,123,12.76,12.78,12.76,12.78,6314.6,100.0,100.0,-0.01092291436418158,-0.009381693582937112,-0.0015412207812444678
2023-06-23 07:50:00,124,12.77,12.79,12.77,12.77,3242.83,57.1891418940398,85.72971396467993,-0.010507753996224167,-0.009606905665594523,-0.0009008483306296444
2023-06-23 07:55:00,125,12.77,12.79,12.77,12.78,7479.2,100.0,85.72971396467993,-0.009265018619661447,-0.009538528256407908,0.000273509636746461
2023-06-23 08:00:00,126,12.78,12.79,12.76,12.78,5837.3,100.0,85.72971396467993,-0.008185781289082428,-0.009267978862942812,0.0010821975738603846
2023-06-23 08:05:00,127,12.78,12.8,12.78,12.8,1619.69,100.0,100.0,-0.005651498123652843,-0.008544682715084819,0.0028931845914319763
2023-06-23 08:10:00,128,12.8,12.82,12.79,12.81,5003.27,100.0,100.0,-0.002803823300325803,-0.0073965108321330155,0.004592687531807213
2023-06-23 08:15:00,129,12.82,12.83,12.81,12.83,3522.12,99.99999999999999,100.0,0.0010546549606900157,-0.005706277673568409,0.006760932634258425
2023-06-23 08:20:00,130,12.82,12.85,12.82,12.84,1684.0,100.0,100.0,0.004863381177033332,-0.003592345903448061,0.008455727080481394
2023-06-23 08:25:00,131,12.84,12.85,12.83,12.85,1510.37,100.0,100.0,0.008589723583831699,-0.0011559320059921089,0.009745655589823807
2023-06-23 08:30:00,132,12.85,12.85,12.83,12.84,2487.12,54.59646414188402,84.86548804729468,0.010613613234925268,0.0011979770421913665,0.009415636192733902
2023-06-23 08:35:00,133,12.84,12.86,12.83,12.84,3469.09,1.1692538012455238,51.92190598104318,0.012078328907607627,0.0033740474152746188,0.008704281492333009
2023-06-23 08:40:00,134,12.84,12.84,12.83,12.83,245.94,0.0,18.58857264770985,0.012290532595233827,0.005157344451266461,0.007133188143967366
2023-06-23 08:45:00,135,12.84,12.85,12.83,12.84,3639.86,31.870690838418277,11.013314879887934,0.013114446793856871,0.006748764919784543,0.006365681874072328
2023-06-23 08:50:00,136,12.85,12.85,12.83,12.84,2466.48,63.55212139643869,31.807604078285653,0.013610511231023636,0.008121114182032362,0.005489397048991275
2023-06-23 08:55:00,137,12.83,12.84,12.81,12.82,12463.02,0.0,31.807604078285653,0.01224861856805326,0.00894661505923654,0.003302003508816719
2023-06-23 09:00:00,138,12.82,12.83,12.81,12.83,4211.8,37.40167540129587,33.65126559924485,0.011839744047856371,0.009525240856960507,0.002314503190895864
2023-06-23 09:05:00,139,12.83,12.84,12.8,12.8,3465.32,0.0,12.467225133765288,0.008991312511543725,0.00941845518787715,-0.0004271426763334252
2023-06-23 09:10:00,140,12.81,12.82,12.8,12.82,1514.38,39.457131834165146,25.619602411820335,0.008252611877548333,0.009185286525811387,-0.000932674648263054
2023-06-23 09:15:00,141,12.82,12.83,12.79,12.8,2791.03,4.074833636373147,14.510655156846093,0.005984369365130249,0.00854510309367516,-0.002560733728544911
2023-06-23 09:20:00,142,12.8,12.81,12.79,12.79,3509.08,0.0,14.510655156846093,0.0033413375463950956,0.007504349984219147,-0.004163012437824051
2023-06-23 09:25:00,143,12.79,12.8,12.77,12.8,6893.89,37.90237228548916,13.992401973954097,0.0020302289984250876,0.0064095257870603346,-0.004379296788635247
2023-06-23 09:30:00,144,12.79,12.8,12.77,12.78,5721.59,0.0,12.634124095163047,-0.0006155709066604231,0.005004506448316183,-0.0056200773549766065
2023-06-23 09:35:00,145,12.78,12.79,12.76,12.77,2990.34,0.0,12.634124095163047,-0.0034791968048715205,0.0033077657976786426,-0.006786962602550163
2023-06-23 09:40:00,146,12.78,12.8,12.77,12.79,1919.03,86.0706693494537,28.69022311648456,-0.004087687787174943,0.0018286750807079255,-0.0059163628678828685
2023-06-23 09:45:00,147,12.79,12.79,12.74,12.76,7555.45,0.0,28.69022311648456,-0.0069110047928298,8.073910600038038e-05,-0.00699174389883018
2023-06-23 09:50:00,148,12.77,12.85,12.76,12.83,8119.64,100.0,62.023556449817896,-0.0034602018224134667,-0.000627449079682389,-0.0028327527427310776
2023-06-23 09:55:00,149,12.84,12.84,12.81,12.83,5211.81,100.0,66.66666666666667,-0.0007171487621455697,-0.0006453890161750252,-7.175974597054447e-05
2023-06-23 10:00:00,150,12.84,12.84,12.81,12.83,7223.87,100.0,100.0,0.0014401395188290422,-0.00022828330917421165,0.0016684228280032538
2023-06-23 10:05:00,151,12.84,12.85,12.79,12.82,3864.82,84.37021923106398,94.79007307702132,0.002316190000859919,0.0002806113528326145,0.0020355786480273043
2023-06-23 10:10:00,152,12.83,12.84,12.81,12.82,4612.65,0.0,61.45673974368799,0.0029761590109895764,0.0008197208844640068,0.0021564381265255696
2023-06-23 10:15:00,153,12.82,12.83,12.8,12.8,3699.41,0.0,28.123406410354658,0.001863870810822732,0.0010285508697357518,0.0008353199410869802
2023-06-23 10:20:00,154,12.81,12.82,12.77,12.78,4074.68,0.0,-4.736951571734001e-15,-0.0006242623466974351,0.0006979882264491143,-0.0013222505731465494
2023-06-23 10:25:00,155,12.77,12.78,12.74,12.77,6365.83,0.0,-4.736951571734001e-15,-0.0033642611185804583,-0.00011446164255680036,-0.003249799476023658
2023-06-23 10:30:00,156,12.77,12.78,12.76,12.78,2847.45,24.601870037346604,8.200623345782196,-0.004674923847336032,-0.0010265540835126467,-0.0036483697638233854
2023-06-23 10:35:00,157,12.79,12.8,12.77,12.8,1485.97,100.00000000000001,41.53395667911553,-0.004053079274740412,-0.0016318591217581997,-0.0024212201529822124
2023-06-23 10:40:00,158,12.8,12.81,12.79,12.8,3202.43,100.00000000000001,74.86729001244886,-0.0035196901734213526,-0.00200942533209083,-0.0015102648413305225
2023-06-23 10:45:00,159,12.8,12.81,12.79,12.8,1758.06,99.99999999999993,99.99999999999999,-0.003061682300041113,-0.002219876725680887,-0.0008418055743602262
2023-06-23 10:50:00,160,12.8,12.82,12.79,12.81,2031.93,100.0,99.99999999999999,-0.0018702324585024854,-0.0021499478722452068,0.00027971541374272133
2023-06-23 10:55:00,161,12.81,12.81,12.79,12.8,3345.55,0.0,66.66666666666664,-0.001713167967741569,-0.002062591891344479,0.00034942392360291005
2023-06-23 11:00:00,162,12.81,12.82,12.79,12.82,2189.43,100.0,66.66666666666667,2.4853134338087557e-05,-0.0016451028862079658,0.0016699560205460534
2023-06-23 11:05:00,163,12.82,12.82,12.79,12.81,3941.06,44.5464827386982,48.182160912899406,0.0005885465546651147,-0.0011983729980333496,0.0017869195526984643
2023-06-23 11:10:00,164,12.81,12.84,12.8,12.82,3376.13,93.60922198902416,79.3852349092408,0.0018212004132713844,-0.0005944583157724028,0.0024156587290437874
2023-06-23 11:15:00,165,12.83,12.83,12.8,12.82,3925.97,93.60922198902404,77.2549755722488,0.0027662004402344564,7.767343542896914e-05,0.002688527004805487
2023-06-23 11:20:00,166,12.82,12.83,12.81,12.82,5761.33,88.47543253052473,91.89795883619097,0.003475061425003645,0.0007571510333439043,0.0027179103916597407
2023-06-23 11:25:00,167,12.82,12.82,12.8,12.81,4780.01,0.0,60.69488483984958,0.003193114203098091,0.0012443436672947418,0.001948770535803349
2023-06-23 11:30:00,168,12.82,12.85,12.82,12.83,4990.28,100.0,62.82514417684157,0.004531268212110362,0.0019017285762578657,0.0026295396358524963
2023-06-23 11:35:00,169,12.83,12.84,12.82,12.83,4736.66,100.0,66.66666666666666,0.005528041088549429,0.0026269910787161785,0.0029010500098332506
2023-06-23 11:40:00,170,12.83,12.85,12.83,12.84,2989.46,100.0,100.0,0.007043711677342301,0.0035103351984414033,0.003533376478900898
2023-06-23 11:45:00,171,12.84,12.85,12.83,12.84,3713.05,100.0,100.0,0.008150932660843324,0.004438454690921787,0.003712477969921537
2023-06-23 11:50:00,172,12.85,12.86,12.84,12.84,4102.11,100.0,100.0,0.00892552536688207,0.005335868826113844,0.0035896565407682263
2023-06-23 11:55:00,173,12.84,12.85,12.83,12.83,2280.14,0.0,66.66666666666667,0.008632963807603034,0.0059952878224116815,0.002637675985191352
2023-06-23 12:00:00,174,12.84,12.85,12.83,12.85,5302.47,100.0,66.66666666666667,0.009900809152240342,0.006776392088377414,0.003124417063862928
2023-06-23 12:05:00,175,12.84,12.87,12.83,12.85,3629.28,100.0,66.66666666666667,0.010781305543027031,0.007577374779307337,0.003203930763719694
2023-06-23 12:10:00,176,12.86,12.87,12.82,12.86,5509.08,100.0,100.0,0.012146010059534973,0.008491101835352864,0.0036549082241821088
2023-06-23 12:15:00,177,12.85,12.86,12.83,12.84,3641.13,1.4350294610781913,67.14500982035939,0.011481365335322735,0.009089154535346838,0.002392210799975897
2023-06-23 12:20:00,178,12.83,12.83,12.79,12.79,4426.75,0.0,33.81167648702606,0.00684118653048138,0.008639560934373746,-0.0017983744038923659
2023-06-23 12:25:00,179,12.79,12.8,12.77,12.78,4163.82,0.0,0.4783431536927291,0.002330035768505212,0.007377655901200039,-0.005047620132694827
2023-06-23 12:30:00,180,12.78,12.8,12.75,12.76,5784.57,0.0,-1.3322676295501878e-15,-0.0028263363187228663,0.005336857457215459,-0.008163193775938325
2023-06-23 12:35:00,181,12.76,12.77,12.69,12.72,16950.34,0.0,-1.3322676295501878e-15,-0.010024903209641778,0.002264505323844011,-0.012289408533485788
2023-06-23 12:40:00,182,12.71,12.73,12.69,12.72,9397.94,2.7864727309094615e-14,7.955974806814684e-15,-0.015550562133187285,-0.0012985081675622482,-0.014252053965625035
2023-06-23 12:45:00,183,12.73,12.76,12.71,12.75,6609.05,97.65443849030153,32.551479496767186,-0.017309405311085158,-0.00450068759626683,-0.012808717714818327
2023-06-23 12:50:00,184,12.74,12.77,12.73,12.77,9485.17,100.0,65.88481283010053,-0.01689471657227415,-0.006979493391468293,-0.009915223180805855
2023-06-23 12:55:00,185,12.76,12.76,12.74,12.75,6980.85,75.50974686580973,91.05472845203708,-0.017972727200588068,-0.009178140153292248,-0.00879458704729582
2023-06-23 13:00:00,186,12.75,12.78,12.74,12.76,2341.11,93.0426500828351,89.51746564954829,-0.017814784220485436,-0.010905468966730886,-0.0069093152537545496
2023-06-23 13:05:00,187,12.76,12.78,12.76,12.78,2622.07,100.0,89.51746564954829,-0.0158925806409691,-0.011902891301578528,-0.003989689339390572
2023-06-23 13:10:00,188,12.78,12.79,12.76,12.78,4220.44,100.0,97.68088336094503,-0.014205468655411835,-0.01236340677234519,-0.0018420618830666449
2023-06-23 13:15:00,189,12.77,12.78,12.75,12.77,3429.97,70.44992821964014,90.14997607321338,-0.013519492385754006,-0.012594623895026953,-0.0009248684907270533
2023-06-23 13:20:00,190,12.76,12.77,12.75,12.75,1022.71,0.0,56.816642739880045,-0.014423419896582246,-0.01296038309533801,-0.001463036801244235
2023-06-23 13:25:00,191,12.75,12.76,12.73,12.75,2396.48,0.0,23.48330940654671,-0.01496725575382385,-0.01336175762703518,-0.0016054981267886702
2023-06-23 13:30:00,192,12.75,12.75,12.71,12.72,4368.83,0.0,-4.736951571734001e-15,-0.017615933354182545,-0.014212592772464653,-0.003403340581717892
2023-06-23 13:35:00,193,12.73,12.73,12.69,12.7,3962.17,0.0,-4.736951571734001e-15,-0.021085798330485517,-0.015587233884068826,-0.005498564446416691
2023-06-23 13:40:00,194,12.69,12.74,12.68,12.73,5374.56,98.34711119519329,32.78237039839776,-0.021170897120118326,-0.016703966531278727,-0.0044669305888395995
2023-06-23 13:45:00,195,12.72,12.74,12.64,12.64,15448.77,0.0,32.78237039839776,-0.028175793355641687,-0.01899833189615132,-0.009177461459490367
2023-06-23 13:50:00,196,12.64,12.7,12.62,12.68,20506.55,73.74234769802605,57.363152964406446,-0.030151985068878062,-0.021229062530696667,-0.008922922538181395
2023-06-23 13:55:00,197,12.69,12.73,12.69,12.7,9583.47,100.0,57.914115899342015,-0.029761229458806326,-0.022935495916318598,-0.006825733542487729
2023-06-23 14:00:00,198,12.69,12.7,12.65,12.68,5635.23,79.58145236610054,84.44126668804219,-0.030711364186426948,-0.024490669570340268,-0.0062206946160866805
2023-06-23 14:05:00,199,12.67,12.71,12.66,12.71,7171.0,99.99999999999999,93.19381745536684,-0.028712622287139666,-0.025335060113700146,-0.0033775621734395203
2023-06-23 14:10:00,200,12.7,12.71,12.66,12.69,8049.4,60.3121002573533,79.96451754115127,-0.02841488863627717,-0.02595102581821555,-0.002463862818061619
2023-06-23 14:15:00,201,12.69,12.75,12.68,12.75,10952.62,100.0,86.77070008578443,-0.023071480349861062,-0.025375116724544653,0.002303636374683591
2023-06-23 14:20:00,202,12.75,12.76,12.71,12.72,5453.24,66.40651519802886,75.57287181846071,-0.02101528889640214,-0.024503151158916152,0.003487862262514012
2023-06-23 14:25:00,203,12.72,12.76,12.72,12.76,7023.56,100.0,88.80217173267629,-0.015973939023789185,-0.02279730873189076,0.006823369708101573
2023-06-23 14:30:00,204,12.75,12.76,12.73,12.76,5488.16,99.99999999999987,88.80217173267624,-0.01184212429141418,-0.020606271843795442,0.008764147552381262
2023-06-23 14:35:00,205,12.76,12.79,12.75,12.78,5552.81,100.0,99.99999999999996,-0.006874552927969901,-0.017859928060630335,0.010985375132660433
2023-06-23 14:40:00,206,12.78,12.78,12.75,12.76,2440.38,60.83140891744927,86.94380297248306,-0.004499680173957188,-0.015187878483295706,0.010688198309338518
2023-06-23 14:45:00,207,12.76,12.82,12.76,12.8,18957.78,100.0,86.94380297248308,0.0006031367150729494,-0.012029675443621974,0.012632812158694924
2023-06-23 14:50:00,208,12.8,12.83,12.79,12.79,14650.6,68.39198452604711,76.40779781449879,0.0037964760245401408,-0.00886444514998955,0.012660921174529691
2023-06-23 14:55:00,209,12.8,12.81,12.77,12.81,8086.16,100.0,89.46399484201571,0.007850556953329146,-0.005521444729325811,0.013372001682654958
2023-06-23 15:00:00,210,12.8,12.84,12.79,12.83,11603.96,100.0,89.46399484201571,0.012532807744223717,-0.001910594234615905,0.014443401978839622
2023-06-23 15:05:00,211,12.83,12.88,12.82,12.86,13782.54,99.99999999999999,100.0,0.018451576224334687,0.0021618398571742136,0.016289736367160475
2023-06-23 15:10:00,212,12.86,12.87,12.82,12.85,7115.14,76.73460533122864,92.24486844374287,0.022080792825853734,0.006145630450910117,0.015935162374943617
2023-06-23 15:15:00,213,12.85,12.94,12.84,12.92,22846.04,100.0,92.24486844374287,0.030256608763503223,0.010967826113428739,0.019288782650074485
2023-06-23 15:20:00,214,12.93,12.96,12.89,12.93,15398.18,100.0,92.24486844374287,0.03711507870025166,0.016197276630793324,0.020917802069458334
2023-06-23 15:25:00,215,12.92,12.93,12.83,12.9,19914.27,25.627539515526575,75.20917983850886,0.039672397554396,0.02089230081551386,0.01878009673888214
2023-06-23 15:30:00,216,12.89,12.93,12.88,12.93,7495.8,62.5030839836093,62.710207833045295,0.04361705024576956,0.025437250701565002,0.01817979954420456
2023-06-23 15:35:00,217,12.92,12.97,12.91,12.95,12353.67,80.40733038888158,56.179317962672485,0.04780597129746589,0.02991099482074518,0.017894976476720708
2023-06-23 15:40:00,218,12.95,13.02,12.95,12.99,21984.55,100.0,80.97013812416363,0.05373397529754165,0.034675590916104476,0.01905838438143717
2023-06-23 15:45:00,219,12.98,13.03,12.97,13.02,16096.39,100.0,93.4691101296272,0.06015923227426612,0.039772319187736806,0.02038691308652931
2023-06-23 15:50:00,220,13.03,13.18,13.02,13.13,56770.9,100.0,100.0,0.07328261899649391,0.046474379149488224,0.026808239847005685
2023-06-23 15:55:00,221,13.14,13.2,13.13,13.16,28273.49,100.00000000000001,100.0,0.08512250752249706,0.05420400482408999,0.03091850269840707
2023-06-23 16:00:00,222,13.17,13.21,13.12,13.21,36028.59,100.0,100.0,0.09741732038449413,0.06284666793617082,0.034570652448323316
2023-06-23 16:05:00,223,13.21,13.35,13.19,13.28,56515.86,100.0,100.0,0.11152388521501067,0.07258211139193879,0.038941773823071874
2023-06-23 16:10:00,224,13.28,13.31,13.24,13.3,27609.26,100.0,100.0,0.12290055127635391,0.08264579936882181,0.040254751907532096
2023-06-23 16:15:00,225,13.3,13.3,13.16,13.26,35646.24,0.0,66.66666666666667,0.12722243435830372,0.09156112636671819,0.035661307991585525
2023-06-23 16:20:00,226,13.26,13.27,13.01,13.13,87641.35,0.0,33.333333333333336,0.11878832640987902,0.09700656637535035,0.02178176003452867
2023-06-23 16:25:00,227,13.13,13.17,13.09,13.14,32856.97,2.750147903132153,0.9167159677107177,0.11162441475330809,0.09993013605094189,0.011694278702366195
2023-06-23 16:30:00,228,13.14,13.2,13.12,13.18,15218.14,13.553833277572057,5.43466039356807,0.107930473543707,0.10153020354949491,0.006400269994212088
2023-06-23 16:35:00,229,13.18,13.18,13.09,13.16,15191.82,5.079085803862519,7.127688994855576,0.10221094155847865,0.10166635115129166,0.00054459040718699
2023-06-23 16:40:00,230,13.16,13.21,13.15,13.19,30747.81,89.42868366488418,36.02053424877292,0.0989581920936029,0.10112471933975391,-0.0021665272461510038
2023-06-23 16:45:00,231,13.2,13.24,13.16,13.23,55601.83,100.0,64.8359231562489,0.09847289616421229,0.10059435470464559,-0.002121458540433302
2023-06-23 16:50:00,232,13.24,13.37,13.23,13.33,64775.32,100.0,96.47622788829472,0.10494768828603895,0.10146502142092426,0.0034826668651146975
2023-06-23 16:55:00,233,13.34,13.35,13.27,13.29,15921.79,50.97859676396499,83.65953225465499,0.10563366287395404,0.10229874971153022,0.0033349131624238193
2023-06-23 17:00:00,234,13.29,13.37,13.28,13.35,18717.7,77.14875962368629,76.04245212921708,0.1097536297120758,0.10378972571163933,0.005963904000436476
2023-06-23 17:05:00,235,13.35,13.36,13.29,13.34,18978.29,43.18490293561467,57.10408644108864,0.1109330495457943,0.10521839047847033,0.005714659067323977
2023-06-23 17:10:00,236,13.34,13.4,13.33,13.38,21713.49,79.84759377310642,66.7270854441358,0.1137837853181285,0.10693146944640196,0.006852315871726536
2023-06-23 17:15:00,237,13.37,13.47,13.34,13.46,22481.0,100.0,74.34416556957369,0.12110235282844073,0.10976564612280972,0.011336706705631014
2023-06-23 17:20:00,238,13.46,13.47,13.37,13.4,24619.07,0.0,59.949197924368804,0.12066986466326135,0.11194648983090004,0.00872337483236131
2023-06-23 17:25:00,239,13.4,13.45,13.39,13.45,10133.51,34.15791959957215,44.71930653319072,0.12294446949494997,0.11414608576371002,0.00879838373123995
2023-06-23 17:30:00,240,13.44,13.46,13.41,13.42,14052.37,0.0,11.385973199857384,0.1209323283289514,0.1155033342767583,0.0054289940521931035
2023-06-23 17:35:00,241,13.42,13.44,13.41,13.44,11958.95,13.239318345884495,15.799079315152218,0.11957315985611672,0.11631729939262998,0.0032558604634867344
2023-06-23 17:40:00,242,13.43,13.49,13.43,13.48,13528.98,92.73896908944786,35.326095811777456,0.12033651037049076,0.11712114158820214,0.003215368782288619
2023-06-23 17:45:00,243,13.48,13.49,13.44,13.46,8138.56,20.577962576924257,42.185416670752204,0.11796777917382784,0.11729046910532728,0.0006773100685005529
2023-06-23 17:50:00,244,13.46,13.5,13.45,13.48,21775.52,58.20735034128488,57.174760669219005,0.11636301508329439,0.1171049783009207,-0.000741963217626318
2023-06-23 17:55:00,245,13.48,13.48,13.46,13.47,10072.82,0.0,26.261770972736382,0.1129819262364844,0.11628036788803345,-0.00329844165154905
2023-06-23 18:00:00,246,13.46,13.47,13.44,13.45,7471.91,0.0,19.402450113761628,0.10744994008885378,0.11451428232819752,-0.0070643422393437405
2023-06-23 18:05:00,247,13.46,13.49,13.45,13.47,14037.27,34.99853369824409,11.666177899414699,0.10348670376134983,0.11230876661482798,-0.008822062853478155
2023-06-23 18:10:00,248,13.46,13.46,13.42,13.45,7419.6,0.0,11.666177899414699,0.0976068268237178,0.10936837865660595,-0.011761551832888156
2023-06-23 18:15:00,249,13.45,13.45,13.34,13.34,21183.82,0.0,11.666177899414699,0.08311282834752376,0.10411726859478951,-0.02100444024726575
2023-06-23 18:20:00,250,13.34,13.37,13.32,13.33,10311.77,0.0,2.3684757858670005e-15,0.07001225599896799,0.0972962660756252,-0.02728401007665722
2023-06-23 18:25:00,251,13.33,13.34,13.25,13.32,31080.35,0.0,2.3684757858670005e-15,0.058152693549256895,0.08946755157035155,-0.031314858021094655
2023-06-23 18:30:00,252,13.31,13.32,13.25,13.25,7987.85,0.0,2.3684757858670005e-15,0.04261425922484818,0.08009689310125087,-0.03748263387640269
2023-06-23 18:35:00,253,13.25,13.26,13.21,13.25,16807.04,0.0,2.3684757858670005e-15,0.029954639634784286,0.07006844240795755,-0.040113802773173265
2023-06-23 18:40:00,254,13.25,13.28,13.24,13.27,7201.72,31.950966253964964,10.65032208465499,0.021290212438755063,0.060312796414117055,-0.03902258397536199
2023-06-23 18:45:00,255,13.28,13.29,13.24,13.26,5975.62,21.625658278957406,17.85887484430746,0.013461499251679498,0.050942536981629545,-0.03748103772995005
2023-06-23 18:50:00,256,13.26,13.27,13.23,13.27,9024.56,100.0,51.192208177640794,0.007972205452670522,0.04234847067583774,-0.03437626522316722
2023-06-23 18:55:00,257,13.27,13.28,13.25,13.26,6470.0,59.03035507440712,60.218671117788176,0.002782904550851839,0.03443535745084056,-0.03165245289998872
2023-06-23 19:00:00,258,13.26,13.29,13.25,13.25,10732.1,0.0,53.010118358135706,-0.0021122218485878363,0.02712584159095488,-0.029238063439542716
2023-06-23 19:05:00,259,13.25,13.29,13.25,13.28,10703.66,100.0,53.010118358135706,-0.00353020154218342,0.02099463296432722,-0.02452483450651064
2023-06-23 19:10:00,260,13.28,13.31,13.27,13.3,1779.31,100.0,66.66666666666667,-0.0030054824811269754,0.016194609875236382,-0.019200092356363357
2023-06-23 19:15:00,261,13.3,13.33,13.3,13.31,6628.93,100.0,100.0,-0.0017624064933361439,0.012603206601521876,-0.01436561309485802
2023-06-23 19:20:00,262,13.3,13.31,13.29,13.29,2327.85,66.06149828191761,88.68716609397252,-0.0023638437508424204,0.009609796531049018,-0.011973640281891438
2023-06-23 19:25:00,263,13.3,13.3,13.27,13.28,5330.69,0.0,55.35383276063919,-0.0036058376847751816,0.0069666696878841776,-0.01057250737265936
2023-06-23 19:30:00,264,13.29,13.29,13.26,13.29,3027.51,37.28577342758076,34.44909056983278,-0.003740096890165745,0.004825316372274193,-0.008565413262439939
2023-06-23 19:35:00,265,13.28,13.29,13.13,13.2,53257.38,0.0,12.428591142526907,-0.01098215071900377,0.0016638229540186,-0.012645973673022368
2023-06-23 19:40:00,266,13.19,13.23,13.19,13.21,5755.21,14.804554789741285,17.363442739107338,-0.015733251004059312,-0.0018155918375969823,-0.013917659166462329
2023-06-23 19:45:00,267,13.22,13.23,13.2,13.22,6248.08,29.895375049554925,14.899976613098724,-0.018478605916804725,-0.005148194653438531,-0.013330411263366194
2023-06-23 19:50:00,268,13.23,13.25,13.21,13.25,3617.58,73.40127310853578,39.36706764927732,-0.01802578021121448,-0.007723711764993721,-0.010302068446220761
2023-06-23 19:55:00,269,13.25,13.27,13.24,13.26,3067.54,100.0,67.76554938603022,-0.016667859442319966,-0.00951254130045897,-0.007155318141860996
2023-06-23 20:00:00,270,13.26,13.31,13.26,13.31,3173.32,100.0,91.13375770284524,-0.011425410299255034,-0.009895115100218182,-0.0015302951990368522
2023-06-23 20:05:00,271,13.3,13.33,13.3,13.32,5829.21,99.99999999999999,99.99999999999999,-0.006390153445865465,-0.009194122769347638,0.0028039693234821732
2023-06-23 20:10:00,272,13.32,13.33,13.29,13.32,8832.66,100.0,99.99999999999999,-0.002372329376164828,-0.007829764090711077,0.005457434714546249
2023-06-23 20:15:00,273,13.33,13.35,13.32,13.32,8401.41,100.0,99.99999999999999,0.0008025735773191656,-0.006103296557105028,0.006905870134424194
2023-06-23 20:20:00,274,13.32,13.36,13.3,13.35,3498.81,100.0,99.99999999999999,0.005674049411787507,-0.003747827363326521,0.009421876775114028
2023-06-23 20:25:00,275,13.34,13.35,13.32,13.32,3538.14,0.0,66.66666666666664,0.007032908832959706,-0.0015916801240692755,0.008624588957028981
2023-06-23 20:30:00,276,13.32,13.36,13.32,13.34,7328.21,51.10257361449496,50.367524538164965,0.009612836768830846,0.0006492232545107488,0.008963613514320097
2023-06-23 20:35:00,277,13.33,13.36,13.32,13.35,7202.76,76.06217942526565,42.388251013253516,0.012322320630055117,0.0029838427296196225,0.009338477900435495
2023-06-23 20:40:00,278,13.35,13.37,13.35,13.37,1764.55,100.00000000000001,75.72158434658685,0.015900151910159366,0.005567104565727571,0.010333047344431794
2023-06-23 20:45:00,279,13.36,13.41,13.35,13.4,24286.06,100.0,92.02072647508855,0.020915260156277427,0.008636735683837542,0.012278524472439885
2023-06-23 20:50:00,280,13.39,13.41,13.37,13.41,3722.52,100.0,100.0,0.025403846273249542,0.011990157801719942,0.0134136884715296
2023-06-23 20:55:00,281,13.41,13.51,13.41,13.41,20799.87,100.0,100.0,0.02863104227631119,0.015318334696638191,0.013312707579673
2023-06-23 21:00:00,282,13.41,13.49,13.41,13.47,10806.9,100.0,100.0,0.03561951729550472,0.019378571216411497,0.016240946079093224
2023-06-23 21:05:00,283,13.47,13.49,13.46,13.48,3944.63,99.99999999999999,100.0,0.041486618609168247,0.02380018069496285,0.017686437914205398
2023-06-23 21:10:00,284,13.47,13.48,13.43,13.47,8716.91,65.55333308776797,88.51777769592265,0.04481284763144977,0.02800271408226023,0.01681013354918954
2023-06-23 21:15:00,285,13.47,13.48,13.45,13.46,3776.56,30.976693300157148,65.51000879597503,0.04611045900068511,0.03162426306594521,0.014486195934739904
2023-06-23 21:20:00,286,13.46,13.47,13.39,13.42,8874.51,0.0,32.176675462641704,0.04341074757771324,0.03398155996829881,0.009429187609414427
2023-06-23 21:25:00,287,13.41,13.45,13.41,13.44,6641.06,19.168604944225148,16.715099414794096,0.0423963212767795,0.03566451222999495,0.006731809046784554
2023-06-23 21:30:00,288,13.43,13.46,13.38,13.38,15624.87,0.0,6.389534981408381,0.036332069089132446,0.03579802360182245,0.0005340454873099948
2023-06-23 21:35:00,289,13.39,13.41,13.35,13.38,11117.82,8.220137737767287e-14,6.389534981408407,0.0311668336818407,0.0348717856178261,-0.0037049519359853983
2023-06-23 21:40:00,290,13.37,13.39,13.35,13.35,6357.39,0.0,2.4868995751603507e-14,0.024371656839296207,0.03277175986212012,-0.008400103022823915
2023-06-23 21:45:00,291,13.35,13.36,13.21,13.23,18100.25,0.0,2.4868995751603507e-14,0.009197411086999452,0.02805689010709599,-0.018859479020096537
2023-06-23 21:50:00,292,13.23,13.29,13.23,13.25,6195.94,18.088687783251938,6.02956259441731,-0.0012006151985559654,0.0222053890459656,-0.023406004244521564
2023-06-23 21:55:00,293,13.26,13.27,13.22,13.24,4028.58,12.912610171174562,10.33376598480883,-0.01013125556246841,0.015738060124278797,-0.025869315686747208
2023-06-23 22:00:00,294,13.24,13.25,13.22,13.23,4989.38,10.35743624667272,13.786244733699737,-0.017810460912400572,0.009028355916942923,-0.026838816829343495
2023-06-23 22:05:00,295,13.23,13.23,13.17,13.18,26409.52,0.0,7.756682139282424,-0.027612568113488223,0.0017001711108566922,-0.029312739224344915
2023-06-23 22:10:00,296,13.17,13.21,13.14,13.19,16609.14,29.574348386522033,13.310594877731582,-0.034179887793959196,-0.005475840670106486,-0.02870404712385271
2023-06-23 22:15:00,297,13.19,13.19,13.13,13.14,6764.75,0.0,9.858116128840676,-0.04292431332374136,-0.012965535200833461,-0.029958778122907898
2023-06-23 22:20:00,298,13.15,13.15,13.09,13.11,15385.93,0.0,9.858116128840676,-0.05167935539609125,-0.02070829923988502,-0.030971056156206232
2023-06-23 22:25:00,299,13.11,13.17,13.11,13.15,6863.7,100.0,33.333333333333336,-0.054758897129174144,-0.027518418817742845,-0.0272404783114313
2023-06-23 22:30:00,300,13.15,13.19,13.15,13.16,6588.76,100.0,66.66666666666667,-0.05574988968781014,-0.0331647129917563,-0.022585176696053838
2023-06-23 22:35:00,301,13.16,13.18,13.15,13.17,4623.07,100.0,100.0,-0.05509326118317759,-0.03755042263004056,-0.017542838553137027
2023-06-23 22:40:00,302,13.18,13.19,13.17,13.19,2353.62,100.0,100.0,-0.05235552362332818,-0.040511442828698084,-0.011844080794630098
2023-06-23 22:45:00,303,13.18,13.21,13.18,13.2,3165.92,100.0,100.0,-0.048816207602097705,-0.04217239578337801,-0.006643811818719696
2023-06-23 22:50:00,304,13.19,13.21,13.19,13.21,2115.32,100.0,100.0,-0.04468920835353174,-0.04267575829740876,-0.0020134500561229812
2023-06-23 22:55:00,305,13.2,13.22,13.2,13.21,1149.96,99.9999999999999,99.99999999999996,-0.04094652565618162,-0.04232991176916333,0.0013833861129817077
2023-06-23 23:00:00,306,13.21,13.22,13.2,13.22,1059.29,100.0,99.99999999999996,-0.03674987652684969,-0.0412139047207006,0.004464028193850909
2023-06-23 23:05:00,307,13.22,13.24,13.22,13.24,2841.02,99.99999999999999,99.99999999999996,-0.03144765995512877,-0.039260655767586236,0.007812995812457466
2023-06-23 23:10:00,308,13.24,13.26,13.22,13.26,12288.84,100.0,100.0,-0.025339682185773427,-0.03647646105122367,0.011136778865450246
2023-06-23 23:15:00,309,13.26,13.27,13.23,13.27,14160.39,100.0,100.0,-0.019467737412794506,-0.03307471632353784,0.013606978910743334
2023-06-23 23:20:00,310,13.27,13.28,13.25,13.25,1978.47,56.81370628065598,85.60456876021867,-0.016240797919289562,-0.029707932642688183,0.013467134723398621
2023-06-23 23:25:00,311,13.25,13.27,13.24,13.24,1419.69,0.0,52.27123542688533,-0.014325209450937848,-0.026631388004338116,0.012306178553400268
2023-06-23 23:30:00,312,13.24,13.26,13.23,13.26,1333.54,66.73599208759488,41.183232789416955,-0.011065700429284675,-0.023518250489327427,0.012452550060042752
2023-06-23 23:35:00,313,13.27,13.29,13.26,13.27,1466.74,98.81818317625891,55.18472508795127,-0.007588128398879235,-0.02033222607123779,0.012744097672358554
2023-06-23 23:40:00,314,13.27,13.27,13.24,13.26,820.46,62.08612623172374,75.88010049852585,-0.005574781327778666,-0.017380737122545963,0.011805955794767297
2023-06-23 23:45:00,315,13.25,13.25,13.21,13.24,2898.0,0.0,53.63476980266089,-0.005529283977738331,-0.015010446493584437,0.009481162515846107
2023-06-23 23:50:00,316,13.25,13.27,13.25,13.26,1506.4,65.6017206496965,42.56261562714009,-0.0038351845271051843,-0.012775394100288587,0.008940209573183403
2023-06-23 23:55:00,317,13.27,13.29,13.27,13.29,394.91,99.99999999999999,55.20057354989884,-7.103043299672152e-05,-0.010234521366830214,0.010163490933833492
2023-06-24 00:00:00,318,13.28,13.28,13.22,13.22,5086.93,0.0,55.20057354989884,-0.0027051429754116896,-0.008728645688546508,0.006023502713134819
2023-06-24 00:05:00,319,13.22,13.26,13.19,13.23,5608.85,14.382010157327457,38.12733671910916,-0.003940357725447541,-0.007770988095926715,0.003830630370479174
2023-06-24 00:10:00,320,13.23,13.25,13.17,13.21,23840.25,0.0,4.794003385775828,-0.006458655803390556,-0.007508521637419483,0.0010498658340289272
2023-06-24 00:15:00,321,13.22,13.24,13.2,13.24,10274.42,39.34283586622056,17.908282007849348,-0.005964916054733038,-0.007199800520882194,0.001234884466149156
2023-06-24 00:20:00,322,13.25,13.26,13.23,13.24,2788.55,100.0,46.44761195540686,-0.005510106666983816,-0.006861861750102519,0.0013517550831187025
2023-06-24 00:25:00,323,13.24,13.26,13.21,13.25,7438.46,100.0,79.7809452887402,-0.00429326048949541,-0.006348141497981097,0.0020548810084856876
2023-06-24 00:30:00,324,13.25,13.28,13.24,13.27,4306.94,100.0,100.0,-0.0016955233363109556,-0.005417617865647069,0.0037220945293361136
2023-06-24 00:35:00,325,13.28,13.29,13.24,13.24,2987.89,0.0,66.66666666666667,-0.002034099374855103,-0.004740914167488676,0.0027068147926335735
2023-06-24 00:40:00,326,13.23,13.29,13.2,13.27,6176.37,91.88575618398106,63.96191872799369,0.0001169775108991189,-0.0037693358318111173,0.0038863133427102362
2023-06-24 00:45:00,327,13.27,13.27,13.19,13.25,12324.19,27.46986555691511,39.78520724696539,0.00020551948679248255,-0.0029743647680903974,0.00317988425488288
2023-06-24 00:50:00,328,13.24,13.29,13.24,13.27,8871.61,87.47435446689065,68.94332540259562,0.001867989473755216,-0.0020058939197212747,0.003873883393476491
2023-06-24 00:55:00,329,13.27,13.28,13.22,13.23,4914.75,0.0,38.314740007935264,-4.1676370919674355e-05,-0.0016130504099609547,0.0015713740390412804
2023-06-24 01:00:00,330,13.23,13.26,13.2,13.24,6932.35,25.00422613300429,37.49286019996499,-0.0007396575726321686,-0.0014383718424951974,0.0006987142698630289
2023-06-24 01:05:00,331,13.24,13.27,13.24,13.26,2630.16,76.32322881312378,33.775818315376036,0.00031736180007158055,-0.0010872251139818418,0.0014045869140534223
2023-06-24 01:10:00,332,13.25,13.27,13.22,13.25,2441.76,49.90720042464281,50.411551790256965,0.000344173424839056,-0.0008009454062176622,0.0011451188310567183
2023-06-24 01:15:00,333,13.25,13.27,13.22,13.23,975.08,0.0,42.0768097459222,-0.0012341841161518374,-0.0008875931482044973,-0.00034659096794734015
2023-06-24 01:20:00,334,13.23,13.26,13.22,13.24,1271.8,36.43318812820195,28.780129517614924,-0.0016590034532129039,-0.0010418752092061787,-0.0006171282440067252
2023-06-24 01:25:00,335,13.24,13.24,13.18,13.2,2625.15,0.0,12.144396042733987,-0.005163816284776246,-0.0018662634243201922,-0.0032975528604560537
2023-06-24 01:30:00,336,13.21,13.22,13.15,13.18,13933.16,0.0,12.144396042733987,-0.00944634695013491,-0.0033822801294831357,-0.006064066820651774
2023-06-24 01:35:00,337,13.17,13.21,13.14,13.19,5366.26,22.745127917956733,7.581709305985583,-0.01189623454322053,-0.005085071012230614,-0.0068111635309899155
2023-06-24 01:40:00,338,13.18,13.22,13.18,13.2,2601.44,45.52950675280043,22.75821155691906,-0.012882371722495733,-0.006644531154283638,-0.006237840568212095
2023-06-24 01:45:00,339,13.19,13.2,13.18,13.19,3331.2,61.51125037321282,43.26196168132333,-0.01430589946440719,-0.008176804816308348,-0.006129094648098842
2023-06-24 01:50:00,340,13.18,13.2,13.18,13.2,2497.05,100.0,69.01358570867109,-0.01446044798625401,-0.00943353345029748,-0.0050269145359565295
2023-06-24 01:55:00,341,13.2,13.22,13.19,13.21,3080.02,100.0,87.17041679107093,-0.013619020782728697,-0.010270630916783725,-0.003348389865944972
2023-06-24 02:00:00,342,13.22,13.24,13.22,13.22,950.21,100.00000000000001,100.0,-0.012006859631444655,-0.01061787665971591,-0.0013889829717287448
2023-06-24 02:05:00,343,13.23,13.23,13.2,13.2,2605.63,40.777558936818885,80.25918631227296,-0.012202381696605258,-0.01093477766709378,-0.0012676040295114786
2023-06-24 02:10:00,344,13.2,13.21,13.19,13.21,1749.44,63.2520288175583,68.0098625847924,-0.011418789221199432,-0.01103157997791491,-0.0003872092432845222
2023-06-24 02:15:00,345,13.21,13.25,13.21,13.25,6510.98,100.0,68.0098625847924,-0.007483851649627837,-0.010322034312257495,0.0028381826626296576
2023-06-24 02:20:00,346,13.25,13.26,13.24,13.25,9610.17,100.0,87.75067627251944,-0.004315637294128649,-0.009120754908631725,0.004805117614503076
2023-06-24 02:25:00,347,13.26,13.27,13.24,13.27,2397.42,100.00000000000001,100.0,-0.0001887954225079369,-0.007334363011406967,0.0071455675888990305
2023-06-24 02:30:00,348,13.27,13.29,13.27,13.28,5484.84,99.99999999999999,100.0,0.0038443575586484258,-0.005098618897395889,0.008942976456044315
2023-06-24 02:35:00,349,13.29,13.32,13.29,13.31,4975.0,100.0,100.0,0.009353587301051292,-0.002208177657706452,0.011561764958757744
2023-06-24 02:40:00,350,13.3,13.32,13.3,13.31,5610.72,100.0,100.0,0.013563341802351303,0.0009461262343050986,0.012617215568046205
2023-06-24 02:45:00,351,13.31,13.33,13.31,13.32,2490.08,100.0,100.0,0.01750473530847252,0.004257848049138583,0.013246887259333935
2023-06-24 02:50:00,352,13.32,13.34,13.32,13.33,2840.56,99.99999999999999,100.0,0.021190958308327623,0.007644470100976391,0.013546488207351232
2023-06-24 02:55:00,353,13.33,13.35,13.32,13.34,1643.5,100.0,100.0,0.024635253156551684,0.01104262671209145,0.013592626444460234
2023-06-24 03:00:00,354,13.35,13.36,13.32,13.33,2061.67,26.112085472863395,75.37069515762113,0.026255310337850446,0.01408516343724325,0.012170146900607196
2023-06-24 03:05:00,355,13.32,13.34,13.32,13.33,1628.55,0.0,42.0373618242878,0.027225380091428164,0.016713206768080233,0.010512173323347931
2023-06-24 03:10:00,356,13.34,13.36,13.33,13.35,2021.09,100.0,42.0373618242878,0.029270587105298063,0.0192246828355238,0.010045904269774263
2023-06-24 03:15:00,357,13.36,13.36,13.33,13.34,903.13,0.0,33.333333333333336,0.029741668530919085,0.021328079974602857,0.008413588556316229
2023-06-24 03:20:00,358,13.34,13.34,13.32,13.32,2898.86,0.0,33.333333333333336,0.028176371430982172,0.02269773826587872,0.005478633165103452
2023-06-24 03:25:00,359,13.32,13.32,13.31,13.32,213.71,0.0,0.0,0.026628900809310352,0.023483970774565047,0.0031449300347453045
2023-06-24 03:30:00,360,13.32,13.34,13.31,13.33,1358.17,21.623498582022943,7.207832860674315,0.02591075259222464,0.023969327138096966,0.001941425454127673
2023-06-24 03:35:00,361,13.32,13.32,13.31,13.31,1444.98,0.0,7.207832860674315,0.02345738002792963,0.023866937716063498,-0.0004095576881338672
2023-06-24 03:40:00,362,13.32,13.33,13.32,13.33,1759.95,69.78497713879636,30.46949190693977,0.02286334306128346,0.02366621878510749,-0.00080287572382403
2023-06-24 03:45:00,363,13.34,13.37,13.32,13.37,20221.51,100.0,56.594992379598786,0.025328261756232706,0.023998627379332532,0.001329634376900174
2023-06-24 03:50:00,364,13.36,13.38,13.36,13.37,4351.89,100.0,89.92832571293212,0.026970824702345908,0.024593066843935207,0.0023777578584107013
2023-06-24 03:55:00,365,13.38,13.39,13.36,13.36,4657.54,71.69780687325014,90.56593562441672,0.027152652370073582,0.02510498394916288,0.002047668420910701
2023-06-24 04:00:00,366,13.36,13.38,13.36,13.37,2371.27,79.32497546324356,83.67426077883124,0.02778339880638292,0.02564066692060689,0.002142731885776031
2023-06-24 04:05:00,367,13.37,13.37,13.3,13.32,4122.49,0.0,50.340927445497904,0.02397234944672455,0.02530700342583042,-0.001334653979105871
2023-06-24 04:10:00,368,13.32,13.37,13.32,13.37,1941.22,58.40593500286533,45.910303488702965,0.024701899384920623,0.025185982617648463,-0.0004840832327278402
2023-06-24 04:15:00,369,13.37,13.39,13.36,13.37,6480.1,64.59313415699212,40.999689719952485,0.024991980967440597,0.02514718228760689,-0.00015520132016629343
2023-06-24 04:20:00,370,13.37,13.38,13.36,13.38,2316.54,76.26170432678634,66.42025782888128,0.025732164760384535,0.02526417878216242,0.00046798597822211505
2023-06-24 04:25:00,371,13.39,13.4,13.39,13.39,1252.18,100.0,80.2849461612595,0.026816557592344026,0.02557465454419874,0.0012419030481452854
2023-06-24 04:30:00,372,13.39,13.39,13.37,13.37,990.05,0.0,58.75390144226211,0.02576510972459367,0.025612745580277728,0.0001523641443159432
2023-06-24 04:35:00,373,13.37,13.37,13.32,13.32,5023.61,0.0,33.333333333333336,0.02065910230997936,0.024622016926218054,-0.003962914616238693
2023-06-24 04:40:00,374,13.32,13.34,13.32,13.34,2815.42,23.83244041459103,7.944146804863677,0.018018679380466196,0.02330134941706768,-0.0052826700366014855
2023-06-24 04:45:00,375,13.33,13.34,13.31,13.32,3126.62,0.44552615033319964,8.09265552164141,0.01414918928605502,0.02147091739086515,-0.007321728104810129
2023-06-24 04:50:00,376,13.32,13.33,13.29,13.29,2348.67,0.0,8.09265552164141,0.00856313078717541,0.0188893600701272,-0.01032622928295179
2023-06-24 04:55:00,377,13.3,13.32,13.3,13.31,1082.44,45.8761732044728,15.440566451602,0.005684445287627682,0.016248377113627296,-0.010563931825999615
2023-06-24 05:00:00,378,13.31,13.31,13.29,13.31,2166.73,45.8761732044728,30.584115469648534,0.0033642849072137437,0.013671558672344587,-0.010307273765130843
2023-06-24 05:05:00,379,13.31,13.33,13.3,13.32,2347.55,100.0,63.91744880298186,0.0023058768039572186,0.011398422298667114,-0.009092545494709895
2023-06-24 05:10:00,380,13.32,13.34,13.32,13.34,1405.79,100.0,81.95872440149093,0.003045803483125553,0.009727898535558801,-0.006682095052433248
2023-06-24 05:15:00,381,13.35,13.35,13.32,13.32,651.18,32.77569833232846,77.59189944410949,0.001995366511158281,0.008181392130678696,-0.006186025619520415
2023-06-24 05:20:00,382,13.32,13.34,13.3,13.33,3759.18,66.49618625739407,66.42396152990752,0.0019473561597731504,0.006934584936497587,-0.004987228776724436
2023-06-24 05:25:00,383,13.33,13.34,13.32,13.34,1684.92,99.84714908099681,66.37301122357312,0.0026852699168404826,0.006084721932566166,-0.0033994520157256836
2023-06-24 05:30:00,384,13.34,13.34,13.31,13.32,2008.99,0.0,55.44777844613029,0.0016373645137797155,0.005195250448808876,-0.00355788593502916
2023-06-24 05:35:00,385,13.32,13.33,13.29,13.3,1300.13,0.0,33.282383026998936,-0.0007977450129903474,0.003996651356449031,-0.004794396369439379
2023-06-24 05:40:00,386,13.3,13.32,13.3,13.32,1349.26,53.899763589721076,17.96658786324036,-0.0011010616506261783,0.0029771087550339893,-0.004078170405660168
2023-06-24 05:45:00,387,13.31,13.33,13.31,13.32,1597.32,53.89976358972099,35.93317572648069,-0.0013261551798215976,0.0021164559680628718,-0.0034426111478844694
2023-06-24 05:50:00,388,13.32,13.32,13.3,13.32,3304.91,100.0,69.26650905981403,-0.0014873976294218494,0.0013956852485659276,-0.002883082877987777
2023-06-24 05:55:00,389,13.32,13.36,13.31,13.33,5864.24,100.0,84.63325452990699,-0.000799055985893915,0.0009567370016739591,-0.0017557929875678742
2023-06-24 06:00:00,390,13.33,13.33,13.3,13.3,2915.77,0.0,66.66666666666667,-0.002643813319473054,0.00023662693744455642,-0.00288044025691761
2023-06-24 06:05:00,391,13.29,13.3,13.27,13.28,2760.94,0.0,33.333333333333336,-0.005654448685445956,-0.0009415881871335462,-0.00471286049831241
2023-06-24 06:10:00,392,13.28,13.29,13.26,13.27,1415.88,0.0,0.0,-0.008746491223625696,-0.002502568794431976,-0.00624392242919372
2023-06-24 06:15:00,393,13.28,13.29,13.26,13.26,974.17,0.0,0.0,-0.011867077357827327,-0.004375470507111047,-0.00749160685071628
2023-06-24 06:20:00,394,13.25,13.26,13.21,13.24,5188.19,0.0,0.0,-0.015772185270860106,-0.0066548134598608585,-0.009117371810999248
2023-06-24 06:25:00,395,13.25,13.26,13.25,13.25,1557.66,44.21187994666515,14.73729331555505,-0.017854281951771966,-0.00889470715824308,-0.008959574793528886
2023-06-24 06:30:00,396,13.25,13.27,13.25,13.25,584.14,59.933392892414,34.715090946359716,-0.01928208667953335,-0.010972183062501134,-0.008309903617032216
2023-06-24 06:35:00,397,13.25,13.25,13.23,13.23,2336.4,0.0,34.715090946359716,-0.021776439823169014,-0.01313303441463471,-0.008643405408534303
2023-06-24 06:40:00,398,13.24,13.26,13.24,13.25,920.94,100.0,53.31113096413801,-0.021887098954813666,-0.014883847322670502,-0.0070032516321431645
2023-06-24 06:45:00,399,13.25,13.25,13.22,13.22,830.04,17.21290118255033,39.070967060850116,-0.02411753446872389,-0.01673058475188118,-0.0073869497168427105
2023-06-24 06:50:00,400,13.22,13.24,13.22,13.23,4997.09,64.40518012401954,60.53936043552329,-0.024792462185107667,-0.018342960238526475,-0.006449501946581192
2023-06-24 06:55:00,401,13.23,13.24,13.23,13.23,1662.96,64.40518012401954,48.67442047686313,-0.025038716524894866,-0.019682111495800153,-0.005356605029094713
2023-06-24 07:00:00,402,13.24,13.24,13.21,13.21,3106.42,0.0,42.93678674934636,-0.026541750933276376,-0.0210540393832954,-0.005487711549980977
2023-06-24 07:05:00,403,13.21,13.21,13.19,13.19,1111.61,0.0,21.46839337467318,-0.02901231349330935,-0.02264569420529819,-0.0063666192880111605
2023-06-24 07:10:00,404,13.2,13.21,13.18,13.19,2509.47,0.0,0.0,-0.030617314775462035,-0.02424001831933096,-0.006377296456131075
2023-06-24 07:15:00,405,13.2,13.22,13.18,13.21,7817.37,99.99999999999999,33.33333333333333,-0.02993043754893776,-0.02537810216525232,-0.004552335383685442
2023-06-24 07:20:00,406,13.21,13.23,13.21,13.23,5038.94,100.00000000000001,66.66666666666667,-0.027455756672900122,-0.02579363306678188,-0.0016621236061182439
2023-06-24 07:25:00,407,13.23,13.24,13.22,13.23,2040.5,100.00000000000001,100.0,-0.025204018018762042,-0.025675710057177913,0.00047169203841587043
2023-06-24 07:30:00,408,13.24,13.24,13.21,13.22,1327.69,82.23701090647437,94.07900363549146,-0.023950330833683253,-0.02533063421247898,0.0013803033787957268
2023-06-24 07:35:00,409,13.21,13.21,13.19,13.19,1913.74,0.0,60.745670302158125,-0.025088321434163063,-0.025282171656815795,0.00019385022265273194
2023-06-24 07:40:00,410,13.19,13.19,13.15,13.16,5240.1,0.0,27.41233696882479,-0.028087165107653078,-0.025843170346983253,-0.002243994760669825
2023-06-24 07:45:00,411,13.17,13.18,13.14,13.17,4690.03,24.849062257831378,8.28302075261046,-0.029318884052894845,-0.026538313088165573,-0.0027805709647292717
2023-06-24 07:50:00,412,13.16,13.18,13.16,13.17,1695.29,30.128963695432947,18.326008651088106,-0.029949787681752937,-0.027220608006883047,-0.002729179674869891
2023-06-24 07:55:00,413,13.17,13.18,13.12,13.14,9755.88,0.0,18.326008651088106,-0.03249593966810416,-0.02827567433912727,-0.004220265328976888
2023-06-24 08:00:00,414,13.14,13.2,13.14,13.18,6413.98,100.0,43.376321231810984,-0.030929580800794554,-0.028806455631460726,-0.0021231251693338282
2023-06-24 08:05:00,415,13.19,13.21,13.18,13.21,3550.48,100.0,66.66666666666667,-0.026956740311582905,-0.02843651256748516,0.001479772255902255
2023-06-24 08:10:00,416,13.22,13.22,13.2,13.21,3953.61,100.0,100.0,-0.023536916676881958,-0.02745659338936452,0.003919676712482563
2023-06-24 08:15:00,417,13.22,13.22,13.2,13.2,1988.1,88.9091806164391,96.30306020547971,-0.02138706150238079,-0.026242687011967775,0.004855625509586986
2023-06-24 08:20:00,418,13.19,13.2,13.18,13.19,1254.51,40.97981325747708,76.62966462463874,-0.02025669563629151,-0.025045488736832523,0.0047887931005410125
2023-06-24 08:25:00,419,13.19,13.19,13.17,13.17,1641.73,0.0,43.2963312913054,-0.02073567741486748,-0.024183526472439515,0.0034478490575720333
2023-06-24 08:30:00,420,13.18,13.18,13.14,13.15,3377.8,0.0,13.659937752492368,-0.022470085618424562,-0.023840838301636524,0.001370752683211962
2023-06-24 08:35:00,421,13.14,13.15,13.12,13.14,3599.84,0.0,7.105427357601002e-15,-0.024370603890517373,-0.023946791419412694,-0.0004238124711046787
2023-06-24 08:40:00,422,13.15,13.15,13.1,13.13,7085.48,0.0,7.105427357601002e-15,-0.026379607050813547,-0.024433354545692863,-0.0019462525051206839
2023-06-24 08:45:00,423,13.14,13.14,13.12,13.13,3719.44,0.0,7.105427357601002e-15,-0.02765299007325872,-0.025077281651206033,-0.0025757084220526874
2023-06-24 08:50:00,424,13.13,13.13,13.11,13.12,3401.23,0.0,7.105427357601002e-15,-0.029133241842146163,-0.025888473689394058,-0.0032447681527521047
2023-06-24 08:55:00,425,13.13,13.14,13.12,13.13,2450.18,100.00000000000001,33.33333333333334,-0.029163259702759348,-0.026543430892067114,-0.0026198288106922332
2023-06-24 09:00:00,426,13.13,13.14,13.11,13.11,2680.54,1.2126589762011206,33.73755299206705,-0.030449874725146486,-0.027324719658682987,-0.003125155066463499
2023-06-24 09:05:00,427,13.11,13.13,13.11,13.12,3803.59,100.0,67.0708863254004,-0.03031317852074622,-0.027922411431095633,-0.0023907670896505875
2023-06-24 09:10:00,428,13.13,13.14,13.1,13.11,7291.79,48.56890755115251,49.92718884245122,-0.03065835182475496,-0.028469599509827498,-0.0021887523149274613
2023-06-24 09:15:00,429,13.12,13.14,13.11,13.13,3400.88,100.0,82.85630251705085,-0.028983962227327353,-0.02857247205332747,-0.0004114901739998844
2023-06-24 09:20:00,430,13.13,13.14,13.12,13.13,4112.76,100.0,82.85630251705085,-0.02734181696179583,-0.02832634103502114,0.0009845240732253117
2023-06-24 09:25:00,431,13.13,13.15,13.13,13.14,4171.27,100.0,100.00000000000001,-0.02494592745789781,-0.027650258319596475,0.002704330861698665
2023-06-24 09:30:00,432,13.15,13.15,13.11,13.12,2113.85,54.35012548899172,84.78337516299726,-0.02437996357355665,-0.02699619937038851,0.002616235796831859
2023-06-24 09:35:00,433,13.13,13.13,13.11,13.11,1397.11,0.0,51.450041829663924,-0.02445643103085615,-0.02648824570248204,0.0020318146716258867
2023-06-24 09:40:00,434,13.12,13.15,13.11,13.14,735.05,100.0,51.450041829663924,-0.02184447327197958,-0.025559491216381548,0.0037150179444019674
2023-06-24 09:45:00,435,13.14,13.15,13.13,13.15,2350.84,100.0,66.66666666666669,-0.018751406956367234,-0.024197874364378685,0.005446467408011451
2023-06-24 09:50:00,436,13.15,13.18,13.15,13.16,2645.3,100.0,100.00000000000001,-0.015316652356315075,-0.022421629962765963,0.007104977606450888
2023-06-24 09:55:00,437,13.16,13.18,13.16,13.18,1443.05,100.0,100.00000000000001,-0.010855614964748739,-0.020108426963162517,0.009252811998413778
2023-06-24 10:00:00,438,13.17,13.18,13.15,13.16,3572.97,46.60118066243302,82.20039355414436,-0.008832231082870123,-0.017853187787104038,0.009020956704233914
2023-06-24 10:05:00,439,13.15,13.19,13.15,13.19,2264.21,100.0,82.20039355414436,-0.004753144211507632,-0.015233179071984756,0.010480034860477125
2023-06-24 10:10:00,440,13.19,13.2,13.18,13.2,660.73,100.0,82.20039355414436,-0.0007053907457788,-0.012327621406743565,0.011622230660964765
2023-06-24 10:15:00,441,13.2,13.2,13.18,13.2,2050.75,100.0,100.00000000000001,0.002473964713077592,-0.009367304182779333,0.011841268895856925
2023-06-24 10:20:00,442,13.19,13.21,13.18,13.2,2007.71,100.0,100.00000000000001,0.004936719392089728,-0.006506499467805521,0.011443218859895249
2023-06-24 10:25:00,443,13.2,13.21,13.19,13.21,8145.8,99.99999999999999,100.00000000000001,0.007607689931006689,-0.0036836615880430786,0.011291351519049768
2023-06-24 10:30:00,444,13.21,13.21,13.17,13.18,2681.53,0.0,66.66666666666669,0.007220470952312041,-0.0015028350799720543,0.008723306032284096
2023-06-24 10:35:00,445,13.17,13.18,13.14,13.16,3009.41,0.0,33.33333333333335,0.005239368094905217,-0.00015439444499659987,0.005393762539901817
2023-06-24 10:40:00,446,13.16,13.16,13.15,13.15,398.76,0.0,2.3684757858670007e-14,0.002829793285313187,0.0004424431010653575,0.0023873501842478296
2023-06-24 10:45:00,447,13.16,13.18,13.16,13.17,593.21,31.904682205139714,10.634894068379928,0.0025051430124385377,0.0008549830833399937,0.001650159929098544
2023-06-24 10:50:00,448,13.17,13.18,13.17,13.18,1415.35,100.0,43.96822740171326,0.0030199595449431627,0.0012879783756606276,0.001731981169282535
2023-06-24 10:55:00,449,13.17,13.18,13.16,13.17,2647.32,65.76776403287599,65.89081541267193,0.002591169539984506,0.0015486166085254033,0.0010425529314591025
2023-06-24 11:00:00,450,13.18,13.18,13.15,13.17,2146.06,65.76776403287599,77.17850935525068,0.0022256939572962153,0.0016840320782795658,0.0005416618790166495
2023-06-24 11:05:00,451,13.16,13.16,13.14,13.15,2322.36,0.0,43.84517602191735,0.00031854705966516406,0.0014109350745566854,-0.0010923880148915213
2023-06-24 11:10:00,452,13.15,13.18,13.15,13.16,2647.19,37.29409687759227,34.35395363682277,-0.0003815657183618981,0.0010524349159729686,-0.0014340006343348667
2023-06-24 11:15:00,453,13.16,13.17,13.14,13.15,1816.69,6.760255928692368,14.684784268761563,-0.0017234595960946564,0.0004972560135594436,-0.0022207156096541
2023-06-24 11:20:00,454,13.15,13.16,13.13,13.14,2519.2,0.0,14.684784268761563,-0.0035528811858149822,-0.0003127714263154416,-0.0032401097594995406
2023-06-24 11:25:00,455,13.14,13.15,13.13,13.14,2622.54,1.3866709516611967e-13,2.2534186428975205,-0.004945700024645561,-0.0012393571459814656,-0.003706342878664095
2023-06-24 11:30:00,456,13.15,13.16,13.14,13.15,2067.47,67.91281534162431,22.637605113874837,-0.005182857804076235,-0.0020280572776004194,-0.0031548005264758158
2023-06-24 11:35:00,457,13.16,13.16,13.15,13.16,954.17,100.0,55.97093844720817,-0.004511880476801622,-0.00252482191744066,-0.001987058559360962
2023-06-24 11:40:00,458,13.16,13.16,13.15,13.16,525.63,99.9999999999999,89.30427178054141,-0.00393476854829089,-0.002806811243610706,-0.001127957304680184
2023-06-24 11:45:00,459,13.15,13.17,13.15,13.17,2354.12,100.0,99.99999999999999,-0.0026400538630095838,-0.0027734597674904816,0.0001334059044808978
2023-06-24 11:50:00,460,13.17,13.17,13.15,13.16,2083.56,47.18400696603071,82.39466898867688,-0.002393310974394325,-0.0026974300088712503,0.0003041190344769255
2023-06-24 11:55:00,461,13.15,13.16,13.15,13.16,2688.87,0.0,49.06133565534359,-0.0021727196972793905,-0.0025924879465528783,0.00041976824927348775
2023-06-24 12:00:00,462,13.16,13.18,13.15,13.17,4750.86,100.0,49.06133565534359,-0.0011774106374637938,-0.0023094724847350615,0.0011320618472712676
2023-06-24 12:05:00,463,13.17,13.19,13.17,13.18,4923.26,100.0,66.66666666666669,0.00041352849073916786,-0.0017648722896402157,0.0021784007803793836
2023-06-24 12:10:00,464,13.18,13.18,13.17,13.17,328.77,42.55224870162117,80.85074956720707,0.0008575573975573292,-0.0012403863522007065,0.0020979437497580357
2023-06-24 12:15:00,465,13.17,13.2,13.17,13.19,3825.4,100.0,80.85074956720707,0.0027911121547781192,-0.0004340866508049414,0.0032251988055830606
2023-06-24 12:20:00,466,13.19,13.21,13.18,13.2,8354.76,100.0,80.85074956720707,0.005071918734881109,0.0006671144263322687,0.00440480430854884
2023-06-24 12:25:00,467,13.21,13.23,13.2,13.22,2351.23,99.99999999999999,100.00000000000001,0.008396517408925774,0.00221299502285097,0.006183522386074804
2023-06-24 12:30:00,468,13.22,13.22,13.2,13.21,3428.57,69.93531677421338,89.97843892473782,0.010107852354014568,0.0037919664890836897,0.006315885864930879
2023-06-24 12:35:00,469,13.21,13.22,13.2,13.22,1985.16,76.66021266641467,82.19850981354271,0.012131173438014287,0.005459807878869809,0.0066713655591444775
2023-06-24 12:40:00,470,13.21,13.23,13.2,13.2,2895.87,0.0,48.86517648020938,0.011982707923335667,0.0067643878877629805,0.0052183200355726865
2023-06-24 12:45:00,471,13.21,13.21,13.17,13.17,3006.13,0.0,25.55340422213825,0.009336671318690648,0.007278844573948514,0.002057826744742134
2023-06-24 12:50:00,472,13.17,13.18,13.12,13.13,18626.06,0.0,2.842170943040401e-14,0.003966281713129405,0.006616332001784692,-0.0026500502886552873
2023-06-24 12:55:00,473,13.13,13.13,13.11,13.13,3292.9,0.0,2.842170943040401e-14,-0.00028648828226174317,0.005235767944975405,-0.005522256227237148
2023-06-24 13:00:00,474,13.13,13.14,13.12,13.14,1112.86,17.63147862813374,5.877159542711275,-0.002817444964891891,0.0036251253630019452,-0.006442570327893836
2023-06-24 13:05:00,475,13.14,13.14,13.08,13.09,5884.08,0.0,5.877159542711275,-0.008756884588434488,0.0011487233727146585,-0.009905607961149147
2023-06-24 13:10:00,476,13.1,13.13,13.07,13.12,3582.43,92.01732387655167,36.549600834895166,-0.010917335751170043,-0.001264488452062282,-0.009652847299107762
2023-06-24 13:15:00,477,13.11,13.13,13.11,13.11,2151.59,72.92034451103159,54.97922279586112,-0.01328330363364394,-0.0036682514883786136,-0.009615052145265326
2023-06-24 13:20:00,478,13.11,13.12,13.06,13.08,5755.34,21.03380214356605,61.9904901770498,-0.01737876788762094,-0.006410354768227079,-0.01096841311939386
2023-06-24 13:25:00,479,13.08,13.1,13.01,13.06,12091.66,0.0,31.318048884865913,-0.0219848579112476,-0.009525255396831184,-0.012459602514416418
2023-06-24 13:30:00,480,13.06,13.09,13.03,13.08,9729.52,58.833528616912396,26.622443586826183,-0.023747636614530165,-0.01236973164037098,-0.011377904974159185
2023-06-24 13:35:00,481,13.08,13.09,13.07,13.07,1933.89,52.272564821499216,37.03536447947057,-0.0256558235004114,-0.015026950012379064,-0.010628873488032337
2023-06-24 13:40:00,482,13.06,13.07,13.04,13.05,4073.47,19.049287561369773,43.38512699992717,-0.0284539092543028,-0.01771234186076381,-0.01074156739353899
2023-06-24 13:45:00,483,13.05,13.06,13.01,13.03,14157.15,0.0,23.773950794289703,-0.03191732220388488,-0.020553337929388023,-0.011363984274496856
2023-06-24 13:50:00,484,13.03,13.05,13.03,13.05,3662.65,79.43029964666385,32.82652906934458,-0.032671650615050396,-0.022977000466520497,-0.0096946501485299
2023-06-24 13:55:00,485,13.04,13.08,13.04,13.06,3308.64,100.0,59.81009988222132,-0.03209260135752956,-0.02480012064472231,-0.007292480712807251
2023-06-24 14:00:00,486,13.06,13.08,13.05,13.07,1474.07,100.0,93.14343321555465,-0.03047548183830351,-0.025935192883438547,-0.004540288954864961
2023-06-24 14:05:00,487,13.07,13.07,13.02,13.03,9545.5,41.83457149977096,80.61152383325702,-0.032052092108559194,-0.027158572728462678,-0.004893519380096516
2023-06-24 14:10:00,488,13.03,13.08,13.03,13.07,5566.61,100.0,80.61152383325702,-0.02973117887746568,-0.027673093958263277,-0.0020580849192024034
2023-06-24 14:15:00,489,13.07,13.09,13.07,13.08,1892.0,100.0,80.61152383325702,-0.026776261914330135,-0.027493727549476647,0.0007174656351465122
2023-06-24 14:20:00,490,13.09,13.09,13.07,13.07,1898.98,84.58011057888818,94.86003685962943,-0.024953734243332804,-0.02698572888824788,0.002031994644915075
2023-06-24 14:25:00,491,13.07,13.11,13.07,13.1,3503.15,100.0,94.86003685962943,-0.020848292515418976,-0.0257582416136821,0.004909949098263124
2023-06-24 14:30:00,492,13.1,13.13,13.09,13.12,6352.92,100.0,94.86003685962943,-0.015798749366595644,-0.02376634316426481,0.007967593797669165
2023-06-24 14:35:00,493,13.11,13.13,13.1,13.13,2129.63,100.0,100.00000000000004,-0.010864791066330426,-0.02118603274467793,0.010321241678347505
2023-06-24 14:40:00,494,13.13,13.16,13.12,13.14,9316.81,100.0,100.00000000000004,-0.006077618140865937,-0.018164349823915533,0.012086731683049596
2023-06-24 14:45:00,495,13.14,13.15,13.1,13.1,4980.38,0.0,66.6666666666667,-0.005448606667741274,-0.015621201192680682,0.010172594524939408
2023-06-24 14:50:00,496,13.1,13.11,13.09,13.11,2935.36,22.930435483462965,40.976811827821024,-0.0040959782296212666,-0.0133161566000688,0.009220178370447533
2023-06-24 14:55:00,497,13.11,13.13,13.1,13.13,4110.59,66.91392704827327,29.94812084391211,-0.0013941071942902283,-0.010931746718913084,0.009537639524622856
2023-06-24 15:00:00,498,13.12,13.16,13.12,13.14,15925.33,87.97946665981932,59.274609730518556,0.0015363513911612614,-0.008438127096898215,0.009974478488059477
2023-06-24 15:05:00,499,13.14,13.14,13.09,13.1,4283.27,0.0,51.6311312360309,0.0006239032584947068,-0.0066257210258196305,0.007249624284314337
2023-06-24 15:10:00,500,13.1,13.1,13.06,13.1,5375.17,0.0,29.32648888660648,-9.808776576925027e-05,-0.005320194373809555,0.0052221066080403045
2023-06-24 15:15:00,501,13.1,13.1,13.02,13.03,16649.72,0.0,3.789561257387201e-14,-0.006246678023916985,-0.0055054911038310405,-0.0007411869200859445
2023-06-24 15:20:00,502,13.03,13.05,13.01,13.02,11360.74,0.0,3.789561257387201e-14,-0.011790483177463784,-0.006762489518557589,-0.005027993658906195
2023-06-24 15:25:00,503,13.03,13.05,13.02,13.03,2297.36,18.250726111788957,6.083575370596357,-0.015201834985200335,-0.008450358611886139,-0.006751476373314197
2023-06-24 15:30:00,504,13.02,13.03,12.76,12.91,116185.75,0.0,6.083575370596357,-0.027273955803394756,-0.012215078050187863,-0.015058877753206893
2023-06-24 15:35:00,505,12.91,12.96,12.86,12.88,29389.84,0.0,6.083575370596357,-0.03881451820165793,-0.017534966080481877,-0.021279552121176055
2023-06-24 15:40:00,506,12.88,12.92,12.87,12.88,9468.58,0.0,3.789561257387201e-14,-0.04741393867663035,-0.02351076059971157,-0.02390317807691878
2023-06-24 15:45:00,507,12.88,12.93,12.84,12.93,15922.94,70.01006202816937,23.336687342723163,-0.049622442596605865,-0.028733096999090428,-0.020889345597515437
2023-06-24 15:50:00,508,12.92,12.92,12.82,12.83,35802.21,23.50094624298955,31.170336090386343,-0.05876446199149754,-0.03473936999757185,-0.02402509199392569
2023-06-24 15:55:00,509,12.82,12.87,12.81,12.85,16383.28,57.08814044007022,50.199716237076416,-0.06366189072548245,-0.04052387414315397,-0.02313801658232848
2023-06-24 16:00:00,510,12.85,12.85,12.73,12.77,33602.1,7.231953083315352,29.273679922125073,-0.07315518228942608,-0.047050135772408394,-0.026105046517017685
2023-06-24 16:05:00,511,12.77,12.88,12.77,12.84,25623.7,100.0,54.77336450779523,-0.07417522346015737,-0.05247515330995819,-0.02170007015019918
2023-06-24 16:10:00,512,12.85,12.88,12.81,12.88,5186.75,100.00000000000001,69.07731769443849,-0.07093821613283602,-0.05616776587453375,-0.014770450258302266
2023-06-24 16:15:00,513,12.88,12.88,12.83,12.83,10271.83,75.08730165341213,91.69576721780409,-0.07158229055008825,-0.05925067080964465,-0.012331619740443597
2023-06-24 16:20:00,514,12.83,12.84,12.81,12.81,13083.35,65.71592536385172,80.267742339088,-0.07286659625534142,-0.061973855898784,-0.01089274035655742
2023-06-24 16:25:00,515,12.81,12.83,12.8,12.8,6588.43,0.0,46.934409005754674,-0.07384015091039231,-0.06434711490110566,-0.009493036009286651
2023-06-24 16:30:00,516,12.81,12.84,12.8,12.83,5609.6,69.54809106335489,45.0880054757356,-0.07136826181209521,-0.06575134428330356,-0.005616917528791648
2023-06-24 16:35:00,517,12.83,12.84,12.8,12.82,3664.74,79.565983197832,49.70469142039568,-0.06941600383693824,-0.0664842761940305,-0.00293172764290775
2023-06-24 16:40:00,518,12.82,12.82,12.78,12.8,7394.97,38.40079994844567,62.504958069877574,-0.06869083301495671,-0.06692558755821573,-0.001765245456740977
2023-06-24 16:45:00,519,12.8,12.85,12.8,12.82,2836.65,100.0,72.65559438209262,-0.06574443612576886,-0.06668935727172635,0.0009449211459574974
2023-06-24 16:50:00,520,12.83,12.87,12.83,12.85,26387.16,100.0,79.46693331614861,-0.060293618778105795,-0.06541020957300224,0.0051165907948964445
2023-06-24 16:55:00,521,12.85,12.88,12.85,12.88,4112.88,100.0,100.00000000000006,-0.05294276622619698,-0.06291672090364119,0.009973954677444205
2023-06-24 17:00:00,522,12.87,12.95,12.86,12.95,8392.34,100.0,100.00000000000006,-0.04099616931257977,-0.0585326105854289,0.017536441272849132
2023-06-24 17:05:00,523,12.95,12.95,12.91,12.93,3509.87,85.16095278623355,95.05365092874457,-0.03276454871857837,-0.05337899821205879,0.020614449493480423
2023-06-24 17:10:00,524,12.92,12.95,12.92,12.94,4670.29,89.12526155708571,91.42873811443981,-0.02514416735611391,-0.047732032040869815,0.022587864684755904
2023-06-24 17:15:00,525,12.95,12.95,12.9,12.92,6726.58,51.788079925820355,75.35809808971327,-0.020482681475481712,-0.042282161927792196,0.021799480452310484
2023-06-24 17:20:00,526,12.91,12.95,12.9,12.95,4841.52,91.54491697845337,77.48608615378653,-0.014203936908312897,-0.03666651692389634,0.02246258001558344
2023-06-24 17:25:00,527,12.95,12.96,12.94,12.94,3692.88,61.316818301836214,68.21660506870337,-0.009920545160152727,-0.03131732257114762,0.02139677741099489
2023-06-24 17:30:00,528,12.94,12.95,12.88,12.88,6032.74,0.0,50.95391176009658,-0.011237881594952981,-0.02730143437590869,0.016063552780955708
2023-06-24 17:35:00,529,12.89,12.91,12.89,12.9,5193.7,29.625787248551706,30.314201850129354,-0.01054647416814447,-0.023950442334355844,0.013403968166211373
2023-06-24 17:40:00,530,12.91,12.91,12.9,12.91,1389.11,44.45567020186442,24.69381915013876,-0.009086864655197147,-0.020977726798524103,0.011890862143326957
2023-06-24 17:45:00,531,12.9,12.93,12.9,12.92,3131.94,70.59420746682429,48.22522163908019,-0.007042021137586119,-0.018190585666336506,0.011148564528750387
2023-06-24 17:50:00,532,12.92,12.94,12.91,12.93,2714.81,100.0,71.68329255622962,-0.0045619640096852265,-0.01546486133500625,0.010902897325321024
2023-06-24 17:55:00,533,12.92,12.95,12.92,12.93,5160.75,99.99999999999999,90.19806915560814,-0.0025669111144956958,-0.01288527129090414,0.010318360176408444
2023-06-24 18:00:00,534,12.94,12.97,12.91,12.96,4144.41,100.0,100.00000000000004,0.0014185794571144328,-0.010024501141300424,0.011443080598414857
2023-06-24 18:05:00,535,12.96,12.97,12.94,12.95,3930.65,69.04152342101752,89.68050780700588,0.0037272278598621256,-0.007274155341067914,0.01100138320093004
2023-06-24 18:10:00,536,12.94,12.97,12.94,12.96,4869.84,93.51598905045162,87.5191708238231,0.006291243242529276,-0.004561075624348476,0.010852318866877753
2023-06-24 18:15:00,537,12.97,12.97,12.94,12.95,2907.84,49.20216915972129,70.58656054373019,0.007430671325900917,-0.0021627262342985972,0.009593397560199515
2023-06-24 18:20:00,538,12.95,12.97,12.95,12.96,2407.03,74.23414424191786,72.31743415069697,0.009036426418845167,7.710429633015587e-05,0.00895932212251501
2023-06-24 18:25:00,539,12.96,12.98,12.95,12.96,1446.73,85.09610570860775,69.51080637008235,0.010191517429911201,0.002099986923046365,0.008091530506864836
2023-06-24 18:30:00,540,12.96,12.96,12.91,12.95,3244.95,0.0,53.11008331684192,0.01018263981829648,0.003716517502096388,0.006466122316200092
2023-06-24 18:35:00,541,12.95,12.95,12.92,12.94,1850.48,0.0,28.36536856953597,0.00926192214745214,0.004825598431167538,0.004436323716284602
2023-06-24 18:40:00,542,12.94,12.95,12.94,12.94,2346.74,0.0,5.210646728907401e-14,0.008435013178585749,0.00554748138065118,0.0028875317979345687
2023-06-24 18:45:00,543,12.94,12.96,12.94,12.95,3442.2,50.01865645644534,16.67288548548183,0.008488745317750457,0.006135734168071035,0.002353011149679422
2023-06-24 18:50:00,544,12.96,12.98,12.95,12.98,2443.57,100.0,50.00621881881517,0.010827267702364196,0.007074040874929667,0.003753226827434529
2023-06-24 18:55:00,545,12.97,12.99,12.96,12.98,2715.25,100.0,83.3395521521485,0.012536055693701087,0.008166443838683951,0.004369611855017136
2023-06-24 19:00:00,546,12.98,13.05,12.98,13.03,17329.03,100.0,100.00000000000006,0.01772059265906556,0.010077273602760273,0.007643319056305286
2023-06-24 19:05:00,547,13.03,13.06,13.03,13.05,9214.22,100.0,100.00000000000006,0.023176049339518556,0.01269702875011193,0.010479020589406626
2023-06-24 19:10:00,548,13.05,13.06,13.04,13.06,4431.8,100.0,100.00000000000006,0.027983873811786353,0.015754397762446814,0.012229476049339539
2023-06-24 19:15:00,549,13.06,13.07,13.03,13.03,4304.86,30.34568754398719,76.78189584799578,0.02903862091898546,0.018411242393754544,0.010627378525230914
2023-06-24 19:20:00,550,13.03,13.04,13.02,13.04,3892.21,18.090521868446967,49.47873647081144,0.030331786077971046,0.020795351130597845,0.0095364349473732
2023-06-24 19:25:00,551,13.04,13.04,13.01,13.01,3117.88,0.0,16.14540313747811,0.028606125891101897,0.022357506082698656,0.006248619808403241
2023-06-24 19:30:00,552,13.02,13.03,13.0,13.01,1468.11,5.1572200635227293e-14,6.030173956149063,0.026928117187532408,0.023271628303665408,0.003656488883867
2023-06-24 19:35:00,553,13.01,13.01,12.98,13.0,2397.17,0.0,7.342274936187702e-14,0.024508844075759484,0.023519071458084222,0.0009897726176752615
2023-06-24 19:40:00,554,13.0,13.0,12.99,13.0,336.36,0.0,7.342274936187702e-14,0.02233409911268147,0.023282076989003673,-0.0009479778763222015
2023-06-24 19:45:00,555,13.0,13.0,12.97,12.97,3158.08,0.0,5.6232015816801255e-14,0.01798255705770302,0.022222173002743543,-0.004239615945040524
2023-06-24 19:50:00,556,12.98,12.99,12.98,12.98,1339.72,24.388748496297364,8.129582832099176,0.015166020609411746,0.020810942524077183,-0.005644921914665438
2023-06-24 19:55:00,557,12.98,12.99,12.98,12.99,802.33,65.00262660903489,29.79712503511081,0.013584221162924237,0.019365598251846593,-0.005781377088922356
2023-06-24 20:00:00,558,12.98,12.99,12.95,12.98,9201.63,30.299374653594526,39.89691658630898,0.011392392865385403,0.017770957174554354,-0.006378564309168951
2023-06-24 20:05:00,559,12.98,12.98,12.96,12.97,1873.77,0.0,31.76733375420986,0.008747599836084419,0.015966285706860366,-0.007218685870775947
2023-06-24 20:10:00,560,12.97,12.99,12.96,12.98,1455.14,53.30091677798285,27.86676381052585,0.007373501595623111,0.014247728884612915,-0.006874227288989804
2023-06-24 20:15:00,561,12.99,12.99,12.97,12.97,1188.65,1.1944728280458081,18.165129868676278,0.005415179594171704,0.012481219026524673,-0.007066039432352969
2023-06-24 20:20:00,562,12.98,12.99,12.96,12.97,3222.44,2.2409986549034593,18.912129420310762,0.003819170281419204,0.010748809277503579,-0.006929638996084375
2023-06-24 20:25:00,563,12.97,12.98,12.96,12.96,856.26,0.0,1.1451571609831461,0.0017274915289053894,0.00894454572778394,-0.007217054198878551
2023-06-24 20:30:00,564,12.95,12.96,12.94,12.94,1422.22,0.0,0.7469995516345435,-0.00152641622909222,0.006850353336408708,-0.008376769565500928
2023-06-24 20:35:00,565,12.94,12.95,12.92,12.93,2723.28,0.0,5.699144859742471e-14,-0.004856099900125699,0.004509062689101827,-0.009365162589227526
2023-06-24 20:40:00,566,12.94,12.95,12.93,12.94,3629.15,35.5569510115697,11.852317003856625,-0.006611765455492247,0.0022848970601830124,-0.008896662515675259
2023-06-24 20:45:00,567,12.94,12.94,12.88,12.9,17123.44,0.0,11.852317003856625,-0.011102822338409979,-0.00039264681953558606,-0.010710175518874394
2023-06-24 20:50:00,568,12.9,12.92,12.9,12.91,2267.98,40.91157617727108,25.489509062946983,-0.013697207960770896,-0.0030535590477826485,-0.010643648912988248
2023-06-24 20:55:00,569,12.91,12.91,12.9,12.9,1887.17,17.62725004466514,19.512942073978795,-0.01637147352859536,-0.005717141943945191,-0.010654331584650168
2023-06-24 21:00:00,570,12.9,12.91,12.89,12.89,2606.51,0.0,19.512942073978795,-0.019077847138387227,-0.008389282982833599,-0.010688564155553628
2023-06-24 21:05:00,571,12.89,12.9,12.88,12.88,4789.22,0.0,5.875750014888436,-0.021778534757016743,-0.011067133337670228,-0.010711401419346515
2023-06-24 21:10:00,572,12.88,12.89,12.84,12.84,10178.1,0.0,5.684341886080802e-14,-0.026837152865549996,-0.014221137243246182,-0.012616015622303814
2023-06-24 21:15:00,573,12.84,12.9,12.84,12.9,3278.75,100.0,33.33333333333339,-0.025708296365221983,-0.01651856906764134,-0.009189727297580642
2023-06-24 21:20:00,574,12.9,12.93,12.9,12.9,3660.04,100.0,66.66666666666673,-0.02453089259584651,-0.018121033773282374,-0.006409858822564136
2023-06-24 21:25:00,575,12.9,12.9,12.9,12.9,711.0,100.0,100.00000000000006,-0.023328870923590372,-0.019162601203343975,-0.0041662697202463975
